code,city,pref,total_pop,area_km2,n_stations,pop_density,station_density
13116,豊島区,東京都,301599,13.04481429701746,30,23120.22180867358,2.299764436421233
13114,中野区,東京都,344880,15.620528862340475,14,22078.637864270462,0.8962564663065021
13118,荒川区,東京都,217475,10.176918654868505,28,21369.434833397514,2.7513239468220734
13105,文京区,東京都,240069,11.282062850327106,20,21278.82136315519,1.7727254550279457
13106,台東区,東京都,211444,10.122624506926995,23,20888.258756936717,2.272138019568039
13107,墨田区,東京都,272085,13.851819241292592,16,19642.546243233406,1.1550829332441497
13110,目黒区,東京都,288088,14.710179849377196,10,19584.260896184565,0.6798013418186306
13104,新宿区,東京都,349385,18.222655260945523,41,19173.111437211668,2.249946531550234
13109,品川区,東京都,422488,22.795336053501728,34,18533.966729352036,1.4915331767954811
13119,板橋区,東京都,584483,32.19664479556699,20,18153.53754129296,0.6211827389776251
14133,川崎市中原区,神奈川,263683,14.725873163015532,9,17906.10288986107,0.6111691918278753
13115,杉並区,東京都,591108,34.05670738192874,19,17356.580992138286,0.5578930395978864
13117,北区,東京都,355213,20.607508319676192,20,17237.06692190633,0.9705200497676791
14132,川崎市幸区,神奈川,171119,9.982822732241953,4,17141.344145812545,0.4006882729752405
13102,中央区,東京都,169179,10.244999693953568,37,16513.324065772955,3.611517921453604
13112,世田谷区,東京都,943664,58.067591343179046,40,16251.130418393843,0.688852405873016
13113,渋谷区,東京都,243883,15.09023117666851,26,16161.647700737369,1.7229689655251559
14105,横浜市南区,神奈川,198157,12.645603773979865,8,15670.030750744882,0.6326309239944037
13120,練馬区,東京都,752608,48.09273352551245,21,15649.100078720896,0.43665640234111097
14103,横浜市西区,神奈川,104935,7.028043145254576,11,14930.898662859441,1.5651582912417576
11223,蕨市,埼玉県,74283,5.102972845019047,1,14556.80879675987,0.19596420172529205
11107,さいたま市浦和区,埼玉県,164822,11.503457256804193,3,14328.040372602702,0.26079116330227825
14134,川崎市高津区,神奈川,234328,16.376175734956124,7,14309.07946962306,0.4274502248444975
13123,江戸川区,東京都,697932,48.7965246862971,11,14302.9038335591,0.22542588987057494
11108,さいたま市南区,埼玉県,191563,13.830848887074596,3,13850.41522498465,0.21690642595362336
13203,武蔵野市,東京都,150149,10.890719172248495,5,13786.876479434579,0.4591065035209884
13219,狛江市,東京都,84772,6.36784896796612,2,13312.501666803199,0.3140778008494125
13229,西東京市,東京都,207388,15.783790131614259,5,13139.302934889552,0.31678069451678864
13121,足立区,東京都,695043,53.19648381705064,27,13065.581597278868,0.5075523429867352
13122,葛飾区,東京都,453093,34.81740516551098,12,13013.40515888931,0.34465520744454614
13103,港区,東京都,260486,20.519915611141556,40,12694.301718208126,1.949325755427643
14136,川崎市宮前区,神奈川,233728,18.595835115439975,3,12568.835900568805,0.16132644656055933
11105,さいたま市中央区,埼玉県,103269,8.387817042025452,4,12311.784995141366,0.4768821231983022
13108,江東区,東京都,524310,42.88352228889846,32,12226.374421107932,0.746207361056348
13111,大田区,東京都,748081,61.813983416074606,45,12102.132214398967,0.7279906181923529
13204,三鷹市,東京都,195391,16.420575264634348,2,11899.156810956645,0.1217984125262335
14109,横浜市港北区,神奈川,358530,31.39078887990869,17,11421.503338817743,0.5415601393465028
13214,国分寺市,東京都,129242,11.431567708059461,4,11305.71093139588,0.34990826299177913
13208,調布市,東京都,242614,21.59253533272846,9,11236.012643325983,0.41681071079959875
13210,小金井市,東京都,126074,11.315959404154354,3,11141.255946333218,0.2651122978488797
14135,川崎市多摩区,神奈川,221734,20.48891544508346,9,10822.144324540492,0.43926190354598044
14111,横浜市港南区,神奈川,215248,19.897176195213063,6,10818.017485907632,0.30155032760093375
14102,横浜市神奈川区,神奈川,247267,23.711094064778198,15,10428.325210320194,0.632615262670728
13211,小平市,東京都,198739,20.532382273402952,7,9679.295726801301,0.3409248818179075
11203,川口市,埼玉県,594274,61.891743767861975,9,9601.829966674552,0.14541519517944745
13215,国立市,東京都,77130,8.136923951547756,3,9479.012027060768,0.36868969377910416
14106,横浜市保土ケ谷区,神奈川,207811,21.93268723190651,6,9474.944761793146,0.27356428952634304
11103,さいたま市大宮区,埼玉県,117784,12.822993592351333,7,9185.374628141113,0.5458943693284979
12227,浦安市,千葉県,171362,18.93932430704524,10,9047.946865572972,0.5280019412456072
11221,草加市,埼玉県,248304,27.48496249177961,4,9034.176418260147,0.14553412620433256
14101,横浜市鶴見区,神奈川,297437,33.210785437399565,13,8956.036302142018,0.39143910114695296
13222,東久留米市,東京都,115271,12.886250265378326,1,8945.270938102161,0.07760209365844108
13206,府中市,東京都,262790,29.43800670199091,15,8926.895175352594,0.5095453694215492
13213,東村山市,東京都,151815,17.11829772238509,9,8868.580419738584,0.5257532113272552
14213,大和市,神奈川,239169,27.062585520659386,10,8837.625651747874,0.36951384384045904
11102,さいたま市北区,埼玉県,149242,16.89471784818745,7,8833.64856051807,0.4143306838800504
14117,横浜市青葉区,神奈川,310756,35.23870153159035,10,8818.59962182254,0.28377890119008287
14107,横浜市磯子区,神奈川,166731,19.03030618711778,7,8761.340903325325,0.3678343338867833
12203,市川市,千葉県,496676,56.898395722934694,17,8729.174059995492,0.2987781954834205
12216,習志野市,千葉県,176197,20.93299359346957,7,8417.190747861687,0.33440033164600874
11228,志木市,埼玉県,75346,9.065773376691332,1,8311.039430317027,0.11030498540489245
12207,松戸市,千葉県,498232,61.34433528132483,23,8121.890924648713,0.37493274471916777
14110,横浜市戸塚区,神奈川,283709,35.83548399929588,4,7916.985298861165,0.11162120762980611
14137,川崎市麻生区,神奈川,180705,23.21996216570403,8,7782.31242197724,0.3445311384622336
11245,ふじみ野市,埼玉県,113597,14.613413300033658,1,7773.474797961018,0.06843028247190523
11224,戸田市,埼玉県,140899,18.219062401973435,3,7733.603238810919,0.1646626996389808
11227,朝霞市,埼玉県,141083,18.304099463001435,3,7707.726910311804,0.16389771078680926
14118,横浜市都筑区,神奈川,213132,27.865967281594383,10,7648.469469810036,0.3588606811651951
11229,和光市,埼玉県,83989,11.052561816199013,2,7599.052726120278,0.18095352310708016
12103,千葉市稲毛区,千葉県,160582,21.227950233217086,9,7564.649353130873,0.42396933764791733
14216,座間市,神奈川,132325,17.544807202282254,3,7542.117646227938,0.1709907646981584
13202,立川市,東京都,183581,24.342725636195393,13,7541.513745980522,0.534040443715563
12204,船橋市,千葉県,642907,85.64664305368494,33,7506.505533404429,0.38530406824369023
14112,横浜市旭区,神奈川,245174,32.71078157936591,4,7495.204582780643,0.12228384058310658
13221,清瀬市,東京都,76208,10.247808383999319,1,7436.51687701239,0.09758184018754448
14152,相模原市中央区,神奈川,273875,36.866840817918636,6,7428.762376267584,0.1627478749707184
14153,相模原市南区,神奈川,281411,38.07713755779513,7,7390.550289471265,0.18383734831367238
11230,新座市,埼玉県,166017,22.770761361045412,2,7290.7970606556,0.08783193360505973
14113,横浜市緑区,神奈川,183082,25.538306866825312,7,7168.916911944017,0.2740980455949144
14114,横浜市瀬谷区,神奈川,122623,17.19260832960733,2,7132.309283683928,0.11632906198158466
12106,千葉市美浜区,千葉県,148944,21.191888304173972,4,7028.3496148223785,0.18875146672097912
13224,多摩市,東京都,146951,21.02644118828927,7,6988.866954900801,0.3329141597151813
14104,横浜市中区,神奈川,151388,21.738853039187298,13,6963.936861208921,0.598007630695405
13212,日野市,東京都,190435,27.522532558509702,12,6919.239702783795,0.43600638765670985
14207,茅ヶ崎市,神奈川,242389,35.69197046972707,3,6791.135283651195,0.08405251827002704
13207,昭島市,東京都,113949,17.36264489639177,3,6562.8825953631285,0.17278473515423026
14115,横浜市栄区,神奈川,120194,18.493524535389323,1,6499.247872951206,0.05407298095538218
14116,横浜市泉区,神奈川,152378,23.536947389695598,9,6473.991613148212,0.3823775382163692
14108,横浜市金沢区,神奈川,198939,30.943681963592,18,6429.066852292157,0.5817019455273166
14205,藤沢市,神奈川,436905,69.61521786586087,20,6275.998458294808,0.2872935058328382
13220,東大和市,東京都,83901,13.398792986315387,4,6261.83269535478,0.29853435336192796
13209,町田市,東京都,431079,71.53537160529949,10,6026.0957666999075,0.1397909841745923
14131,川崎市川崎区,神奈川,232965,39.48226921507507,21,5900.4967199567545,0.5318843221904228
13101,千代田区,東京都,66680,11.447298704526318,54,5824.955015250402,4.717270108331159
11222,越谷市,埼玉県,341621,60.25201203791776,8,5669.868747038876,0.13277564896862606
12220,流山市,千葉県,199849,35.3340071915457,11,5655.995905491792,0.31131481748925294
11235,富士見市,埼玉県,111859,19.78925259546718,3,5652.512618168401,0.15159743833312653
13218,福生市,東京都,56414,10.185696602929937,6,5538.550989607564,0.5890613311880983
13227,羽村市,東京都,54326,9.926226061554274,2,5472.976301679502,0.20148644485806066
11104,さいたま市見沼区,埼玉県,165049,30.599015113147356,3,5393.931778186026,0.09804237126282545
11106,さいたま市桜区,埼玉県,98661,18.60368010706692,1,5303.305552030104,0.05375280558711248
12224,鎌ケ谷市,千葉県,109932,21.09647452008045,8,5210.918056254491,0.3792102795367675
11234,八潮市,埼玉県,93363,17.993252178226218,1,5188.778497362436,0.055576389976355035
13225,稲城市,東京都,93151,17.956606675789953,5,5187.561418583117,0.27844904609629084
12102,千葉市花見川区,千葉県,177328,34.20125215968764,6,5184.839407985568,0.17543217341826112
14215,海老名市,神奈川,136516,26.57174013176651,8,5137.638683918753,0.30107173863393316
11219,上尾市,埼玉県,226940,45.496887042784145,4,4988.033572200033,0.08791810297347374
11109,さいたま市緑区,埼玉県,128321,26.412128710015118,2,4858.411883754846,0.07572278713156609
11208,所沢市,埼玉県,342464,72.06216376534744,11,4752.341341222407,0.15264598542750912
12101,千葉市中央区,千葉県,211736,44.69450411145664,19,4737.405732749259,0.42510819568819624
11237,三郷市,埼玉県,142145,30.07656631330965,3,4726.104653013439,0.09974542867522823
13223,武蔵村山市,東京都,70829,15.371233011032748,0,4607.8931956312335,0.0
14204,鎌倉市,神奈川,172710,39.67540173845056,17,4353.075014552955,0.42847707282381003
11241,鶴ヶ島市,埼玉県,70117,17.638915886585636,2,3975.1309236257457,0.11338565322605776
12221,八千代市,千葉県,199498,51.395062758824956,7,3881.6569003166464,0.13619985314247024
14201,横須賀市,神奈川,388078,100.82050650235392,21,3849.1970876077607,0.20829095913646992
14203,平塚市,神奈川,258422,67.72802113708697,1,3815.5846821056984,0.014764937513469047
14218,綾瀬市,神奈川,83913,22.147179313017922,0,3788.879785277065,0.0
12217,柏市,千葉県,426468,114.73976141513222,11,3716.8283665592157,0.09586912038453382
14321,寒川町,神奈川,48348,13.306443107669862,3,3633.4277769640867,0.22545468956093861
11214,春日部市,埼玉県,229792,65.9858768256292,8,3482.442168757357,0.12123806464132283
14208,逗子市,神奈川,57060,17.27562116480849,4,3302.9203092410216,0.2315401548714351
11233,北本市,埼玉県,65201,19.796223316657706,1,3293.6080259882724,0.050514685756173565
11225,入間市,埼玉県,145651,44.68308907399082,5,3259.6448235442317,0.1118991570103958
11201,川越市,埼玉県,354571,109.19502466351075,12,3247.135124449361,0.10989511689729936
11101,さいたま市西区,埼玉県,93499,29.069440159248256,2,3216.4018119301104,0.06880077459502476
13201,八王子市,東京都,579355,186.34708277752216,23,3109.0103014474657,0.12342559731648421
11301,伊奈町,埼玉県,44841,14.746184811504511,5,3040.8543344049544,0.339070753819602
11215,狭山市,埼玉県,148699,48.94232146730598,4,3038.249832495841,0.08172885715427383
14342,二宮町,神奈川,27564,9.074815975230374,1,3037.4169652845503,0.1101950720245447
12222,我孫子市,千葉県,130510,43.18860175053018,6,3021.862128203719,0.1389255441669015
11231,桶川市,埼玉県,74748,25.340104595515044,1,2949.79050770097,0.039463136240447505
14366,開成町,神奈川,18329,6.544619587432674,1,2800.621144611112,0.1527972690605659
12228,四街道市,千葉県,93576,34.50147297046697,2,2712.2320278934303,0.05796853953777529
11324,三芳町,埼玉県,38434,15.299389910846331,0,2512.126315099182,0.0
11239,坂戸市,埼玉県,100275,40.97092766898236,3,2447.4671603766164,0.07322265251687708
14212,厚木市,神奈川,223705,93.80086288593111,2,2384.89277302323,0.021321765477063364
11243,吉川市,埼玉県,71979,31.6086281727958,2,2277.194682619895,0.0632738627271814
11110,さいたま市岩槻区,埼玉県,111815,49.19814881178912,2,2272.7481155389796,0.04065193606473155
11238,蓮田市,埼玉県,61499,27.299423063806003,1,2252.758230687165,0.03663081075606376
11442,宮代町,埼玉県,34147,15.940655918640735,6,2142.1326810064993,0.3763960548815122
11246,白岡市,埼玉県,52214,24.921007746997248,2,2095.1801199247775,0.08025357643255746
12105,千葉市緑区,千葉県,129421,66.27999948386814,5,1952.6403290256471,0.07543753830621179
13303,瑞穂町,東京都,31765,16.826541481437605,1,1887.7913821471827,0.059429919160937594
14301,葉山町,神奈川,31665,17.040165962576143,0,1858.2565492345043,0.0
14214,伊勢原市,神奈川,101780,55.566652528891765,4,1831.6741312980785,0.07198562119465822
11232,久喜市,埼玉県,150582,82.40030019314207,5,1827.4447987087854,0.06067939058814418
14341,大磯町,神奈川,31634,17.453482485599764,1,1812.4749617218265,0.057295155899406536
12232,白井市,千葉県,62441,35.471150990852735,2,1760.3319389354526,0.056383848398822975
12104,千葉市若葉区,千葉県,146940,84.17321888183703,7,1745.6858838471585,0.08316184284013957
11465,松伏町,埼玉県,28266,16.193919093601348,0,1745.470002451022,0.0
11217,鴻巣市,埼玉県,116828,67.4359600327489,3,1732.428810137275,0.04448665072081885
14206,小田原市,神奈川,188856,113.60071973103682,23,1662.454255986573,0.2024635059923496
12212,佐倉市,千葉県,168743,103.70753678955273,12,1627.1045019844576,0.1157100088525953
14211,秦野市,神奈川,162439,103.6871442075272,4,1566.6262316462535,0.03857758867380995
12208,野田市,千葉県,152638,103.5149921849905,6,1474.5496935093452,0.05796261848986537
11240,幸手市,埼玉県,50066,33.97409008298243,1,1473.652417995971,0.029434195222226085
11464,杉戸町,埼玉県,43845,29.981858749989826,1,1462.3843159829069,0.03335350247423667
11212,東松山市,埼玉県,91791,65.36394483563551,2,1404.306307258812,0.03059790844982214
14210,三浦市,神奈川,42069,32.06634829213557,2,1311.9361025064904,0.06237068161860232
13205,青梅市,東京都,133535,103.24240250056874,12,1293.4123651303482,0.11623131300081761
11202,熊谷市,埼玉県,194415,159.74344074210887,8,1217.0452764559213,0.05008030353443598
14362,大井町,神奈川,17129,14.389060971572043,2,1190.4181957280714,0.1389944767036104
11206,行田市,埼玉県,78617,67.49942720080519,5,1164.706179892771,0.07407470266563027
14401,愛川町,神奈川,39869,34.25230205261121,2,1163.9801593119666,0.058390235988460534
11242,日高市,埼玉県,54571,47.47816200486149,4,1149.3915875347543,0.0842492596825973
12322,酒々井町,千葉県,20745,19.001280350832864,4,1091.7685343814585,0.21051213003257815
13228,あきる野市,東京都,79292,73.45150018828171,5,1079.5150513842066,0.0680721290536376
11385,上里町,埼玉県,30343,29.157278450185473,1,1040.6664000496585,0.03429675378339843
11326,毛呂山町,埼玉県,35366,34.095706823676046,4,1037.2566899080052,0.1173168229268795
11218,深谷市,埼玉県,141268,138.40941397144624,7,1020.6531185020658,0.05057459459689711
12206,木更津市,千葉県,136166,138.84640821862263,6,980.6951562304575,0.0432132172303126
14383,真鶴町,神奈川,6722,7.041976238454372,1,954.5615850409908,0.14200559134796056
12233,富里市,千葉県,49735,53.88183749532908,0,923.0383058913208,0.0
11216,羽生市,埼玉県,52862,58.58054994612208,4,902.3814226499825,0.06828204930952159
12230,八街市,千葉県,67455,74.91492384719652,2,900.4213918389281,0.0266969503176615
11211,本庄市,埼玉県,78569,89.69307860408045,3,875.9761758966496,0.03344739690832197
12210,茂原市,千葉県,86782,99.87119036717351,3,868.9392774928236,0.030038692729811148
11210,加須市,埼玉県,111623,133.35573267422112,5,837.0318827814273,0.03749370124353526
12231,印西市,千葉県,102609,123.79779349573175,5,828.8435286493027,0.04038844198117625
12239,大網白里市,千葉県,48129,58.129824743066536,2,827.9570807710136,0.03440574625572996
12219,市原市,千葉県,269524,368.16589057420464,21,732.0721633925423,0.05703950457563478
12202,銚子市,千葉県,58431,84.31715559430283,14,692.990644527246,0.16603975669390295
12229,袖ケ浦市,千葉県,63883,94.91879856158678,4,673.0279035142904,0.04214128350354808
14151,相模原市緑区,神奈川,170207,253.86451439418852,4,670.4639299674267,0.015756436103507535
11341,滑川町,埼玉県,19732,29.670971975467193,2,665.027084933887,0.06740594819925876
12213,東金市,千葉県,58219,89.09412684355675,3,653.454970182587,0.03367225322571259
12211,成田市,千葉県,132906,213.85914912447828,13,621.465111706028,0.06078767288292752
12329,栄町,千葉県,20127,32.40984269936427,1,621.0150473946854,0.030854824235836707
13305,日の出町,東京都,16958,28.06955186218793,0,604.1421709636863,0.0
12403,九十九里町,千葉県,14639,24.41809113960252,0,599.514512264954,0.0
11342,嵐山町,埼玉県,17889,29.875667197698274,1,598.7816065034434,0.03347205581661599
14384,湯河原町,神奈川,23426,41.00096551528706,1,571.3523987932846,0.024389669546370896
14217,南足柄市,神奈川,40841,77.093569995475,6,529.7588372467011,0.07782750235009443
11348,鳩山町,埼玉県,13560,25.740614929138797,0,526.7939416882328,0.0
12421,一宮町,千葉県,11897,22.99998384999476,2,517.2612327726791,0.08695658279779425
11408,寄居町,埼玉県,32374,64.26602087597223,9,503.74987526423917,0.14004290101248384
12215,旭市,千葉県,63745,130.4703768984082,4,488.5783387414873,0.03065830033674718
12423,長生村,千葉県,13803,28.274562671042904,1,488.1773119036142,0.035367478946867655
11343,小川町,埼玉県,28524,60.3501652563089,4,472.641622087657,0.06627985164600435
11347,吉見町,埼玉県,18192,38.63755330079265,0,470.8372670074528,0.0
11346,川島町,埼玉県,19378,41.62932536724629,0,465.4891672889443,0.0
14361,中井町,神奈川,9300,19.989548228580595,0,465.2431307428486,0.0
11209,飯能市,埼玉県,80361,193.02980998206667,7,416.3139362125772,0.036263828890731084
12205,館山市,千葉県,45153,110.02102065393113,0,410.4033913848867,0.0
12424,白子町,千葉県,10305,27.491051180262048,0,374.8492530325198,0.0
12235,匝瑳市,千葉県,35040,101.5043915521672,2,345.2067389812541,0.019703580992080715
11381,美里町,埼玉県,11039,33.358341366610674,1,330.9217289517054,0.029977509643238105
12237,山武市,千葉県,48444,146.81441987417384,3,329.9675879352897,0.020433960114892846
12410,横芝光町,千葉県,22075,67.00300417050818,1,329.4628393649916,0.014924703934993958
12342,神崎町,千葉県,5816,19.883374582876264,1,292.505679846156,0.05029327370119601
14363,松田町,神奈川,10836,37.76459893838058,2,286.9353919971662,0.052959651531407574
12349,東庄町,千葉県,13228,46.17612515560916,2,286.4683850241417,0.04331242591837643
11383,神川町,埼玉県,13359,47.44532971931992,1,281.5661747748412,0.02107689009468083
12443,御宿町,千葉県,6874,24.705557804531164,1,278.2369883888743,0.040476722197974144
12236,香取市,千葉県,72356,262.284963531042,6,275.86789202819284,0.02287588247234724
11327,越生町,埼玉県,11029,40.3804952484857,3,273.1269126872236,0.07429329386722919
12225,君津市,千葉県,82206,318.7028790398115,8,257.9393077579668,0.025101750019022144
12238,いすみ市,千葉県,35544,157.5281776427267,11,225.63582294853722,0.06982877707725381
11363,長瀞町,埼玉県,6807,30.432665400844474,4,223.67413140917697,0.1314377149458951
12226,富津市,千葉県,42465,205.39491970137783,5,206.7480542446695,0.02434334796240074
12422,睦沢町,千葉県,6760,35.59162316939408,0,189.93233233074497,0.0
12347,多古町,千葉県,13735,72.76615791882492,0,188.75532792760927,0.0
11349,ときがわ町,埼玉県,10540,55.888299100920364,1,188.59045935478161,0.017892832955861634
12218,勝浦市,千葉県,16927,94.16970757017343,0,179.7499475867686,0.0
12223,鴨川市,千葉県,32116,191.03499321005384,0,168.11579627553698,0.0
12409,芝山町,千葉県,7033,43.25269287484158,0,162.6025926374361,0.0
11361,横瀬町,埼玉県,7979,49.28336405567968,2,161.90047398114777,0.04058164531423681
12234,南房総市,千葉県,35831,229.42322439169774,0,156.17860874810648,0.0
12463,鋸南町,千葉県,6993,45.22071093914734,0,154.64153160728387,0.0
11362,皆野町,埼玉県,9302,63.7110424954447,2,146.00294761563643,0.03139173244799751
12426,長柄町,千葉県,6721,47.09558048062928,0,142.70978149986686,0.0
14382,箱根町,神奈川,11293,92.83763853650662,13,121.64247365640655,0.14002941269222396
12427,長南町,千葉県,7198,65.48417752708121,0,109.91968246105316,0.0
11207,秩父市,埼玉県,59674,577.8809282022194,11,103.26348748979326,0.019035063216605655
13364,神津島村,東京都,1855,18.4832770569894,0,100.36099087193722,0.0
13401,八丈町,東京都,7042,72.18823297074609,0,97.55052465204038,0.0
13363,新島村,東京都,2441,27.414688174275213,0,89.03986011011905,0.0
13362,利島村,東京都,327,4.110042163872675,0,79.56122758893675,0.0
13361,大島町,東京都,7102,90.79406897596546,0,78.22096839695558,0.0
11369,東秩父村,埼玉県,2709,37.0753612735859,0,73.06739319435869,0.0
12441,大多喜町,千葉県,8885,129.8267164294135,8,68.43737748563298,0.06162059874902238
11365,小鹿野町,埼玉県,10928,171.2702202238132,0,63.805604884021655,0.0
14364,山北町,神奈川,9761,224.61284222455618,3,43.45699873314217,0.013356315561871376
14402,清川村,神奈川,3038,71.28932653421411,0,42.615075042712924,0.0
13381,三宅村,東京都,2273,55.270359966561976,0,41.12511663349294,0.0
13402,青ヶ島村,東京都,169,5.9714664623366405,0,28.301255824833042,0.0
13421,小笠原村,東京都,2929,106.10186871738796,0,27.605545834462724,0.0
13308,奥多摩町,東京都,4750,225.5279027868654,5,21.061695432378386,0.022170205718293038
13307,檜原村,東京都,2003,105.38761258527418,0,19.006028800389384,0.0
13382,御蔵島村,東京都,323,20.518592694140626,0,15.741820348733626,0.0
13808,所属未定地,東京都,0,2.052820539897572,0,0.0,0.0
13804,孀婦岩,東京都,0,0.0023676308156758896,0,0.0,0.0
13805,荒川河口部,東京都,0,1.10516743290778,0,0.0,0.0
13807,中央防波堤外側廃棄物処理場（中潮橋南側）,東京都,0,1.4798879473948925,0,0.0,0.0
13803,須美寿島,東京都,0,0.022194320092163457,0,0.0,0.0
13802,ベヨネース列岩,東京都,0,0.0013940145886854331,0,0.0,0.0
13801,鳥島,東京都,0,4.786497926407587,0,0.0,0.0
12801,市川市・船橋市境界地先の土地,千葉県,0,0.11663169729110137,0,0.0,0.0
