code,fishery,manufacturing,agriculture,commerce,fishery_year,manufacturing_year,agriculture_year,commerce_year
08201,,5910.0,11810.0,25745.0,,2023100000,2006100000,2021100000
08202,,21821.0,1750.0,10400.0,,2023100000,2006100000,2021100000
08203,,15115.0,9680.0,11595.0,,2023100000,2006100000,2021100000
08204,,18368.0,14040.0,8972.0,,2023100000,2006100000,2021100000
08205,,5238.0,15770.0,4398.0,,2023100000,2006100000,2021100000
08206,,8725.0,7610.0,6344.0,,2004100000,2004100000,2004100000
08207,,6943.0,9640.0,3368.0,,2023100000,2006100000,2021100000
08208,,7739.0,3920.0,4637.0,,2023100000,2006100000,2021100000
08209,,3218.0,4260.0,2451.0,,1993100000,1993100000,1994100000
08210,,5735.0,9780.0,3335.0,,2023100000,2006100000,2021100000
08211,,12059.0,9200.0,3518.0,,2023100000,2006100000,2021100000
08212,,2131.0,5530.0,2443.0,,2023100000,2006100000,2021100000
08213,,19891.0,7160.0,8608.0,,1993100000,1993100000,1994100000
08214,,3060.0,1620.0,1785.0,,2023100000,2006100000,2021100000
08215,,7319.0,2220.0,2552.0,,2023100000,2006100000,2021100000
08216,,5950.0,7990.0,4203.0,,2023100000,2006100000,2021100000
08217,,7862.0,3000.0,5364.0,,2023100000,2006100000,2021100000
08218,,5056.0,15710.0,2564.0,,2004100000,2004100000,2004100000
08219,,4078.0,3090.0,4515.0,,2023100000,2006100000,2021100000
08220,,11496.0,12940.0,17010.0,,2023100000,2006100000,2021100000
08221,,23040.0,8620.0,10531.0,,2023100000,2006100000,2021100000
08222,,5284.0,4350.0,4252.0,,2023100000,2006100000,2021100000
08223,,1524.0,3900.0,1952.0,,2023100000,2006100000,2021100000
08224,,3718.0,1540.0,3652.0,,2023100000,2006100000,2021100000
08225,,4313.0,8500.0,2592.0,,2023100000,2006100000,2021100000
08226,,2480.0,4580.0,2871.0,,2023100000,2006100000,2021100000
08227,,14278.0,22820.0,6373.0,,2023100000,2006100000,2021100000
08228,,8083.0,21890.0,2991.0,,2023100000,2006100000,2021100000
08229,,4535.0,12790.0,2439.0,,2023100000,2006100000,2021100000
08230,,5209.0,10810.0,2149.0,,2023100000,2006100000,2021100000
08231,,4247.0,8400.0,2153.0,,2023100000,2006100000,2021100000
08232,,14175.0,13160.0,6373.0,,2023100000,2006100000,2021100000
08233,,2819.0,23540.0,1830.0,,2023100000,2006100000,2021100000
08234,,1329.0,53930.0,2606.0,,2023100000,2006100000,2021100000
08235,,6210.0,4350.0,2057.0,,2023100000,2006100000,2021100000
08236,,7155.0,19740.0,3084.0,,2023100000,2006100000,2021100000
08301,,401.0,3240.0,405.0,,1991100000,1991100000,1991100000
08302,,2349.0,14550.0,2959.0,,2023100000,2006100000,2021100000
08303,,1439.0,13690.0,851.0,,2005100000,2005100000,2004100000
08304,,3760.0,11330.0,1920.0,,2005100000,2005100000,2004100000
08305,,1365.0,3360.0,544.0,,2004100000,2004100000,2004100000
08306,,623.0,1760.0,611.0,,2004100000,2004100000,2004100000
08307,,338.0,1550.0,274.0,,2004100000,2004100000,2004100000
08308,,142.0,700.0,186.0,,2003100000,2003100000,2004100000
08309,,1055.0,1090.0,1054.0,,2023100000,2006100000,2021100000
08310,,895.0,3810.0,783.0,,2023100000,2006100000,2021100000
08321,,2217.0,2440.0,2373.0,,2005100000,2005100000,2004100000
08322,,3558.0,3150.0,1112.0,,2005100000,2005100000,2004100000
08323,,44.0,780.0,30.0,,2004100000,2004100000,2004100000
08324,,2057.0,4160.0,1580.0,,2004100000,2004100000,2004100000
08341,,1489.0,1950.0,1804.0,,2023100000,2006100000,2021100000
08342,,2398.0,4740.0,3070.0,,2004100000,2004100000,2004100000
08343,,121.0,520.0,416.0,,2004100000,2004100000,2004100000
08344,,3562.0,4460.0,2529.0,,2003100000,2003100000,2004100000
08345,,673.0,1210.0,375.0,,2003100000,2003100000,2004100000
08346,,280.0,440.0,171.0,,2003100000,2003100000,2004100000
08347,,279.0,1030.0,186.0,,2003100000,2003100000,2004100000
08361,,780.0,1730.0,359.0,,2003100000,2003100000,2004100000
08362,,224.0,790.0,264.0,,2003100000,2003100000,2004100000
08363,,297.0,700.0,185.0,,2003100000,2003100000,2004100000
08364,,826.0,3840.0,1065.0,,2023100000,2006100000,2021100000
08381,,845.0,790.0,350.0,,2003100000,2003100000,2004100000
08401,,288.0,22770.0,512.0,,2004100000,2004100000,2004100000
08402,,832.0,24350.0,2224.0,,2004100000,2004100000,2004100000
08403,,716.0,5370.0,436.0,,2004100000,2004100000,2004100000
08404,,558.0,3480.0,428.0,,1994100000,1994100000,1994100000
08405,,7295.0,2250.0,4014.0,,1994100000,1994100000,1994100000
08406,,6248.0,3660.0,5447.0,,2004100000,2004100000,2004100000
08407,,5214.0,7960.0,2076.0,,2004100000,2004100000,2004100000
08421,,1447.0,7360.0,920.0,,2004100000,2004100000,2004100000
08422,,761.0,1010.0,452.0,,2000100000,2000100000,1999100000
08423,,1284.0,2420.0,2088.0,,2000100000,2000100000,1999100000
08424,,492.0,10500.0,393.0,,2004100000,2004100000,2004100000
08425,,1399.0,6490.0,1067.0,,2004100000,2004100000,2004100000
08441,,1311.0,2980.0,1378.0,,2004100000,2004100000,2004100000
08442,,1497.0,1620.0,491.0,,2023100000,2006100000,2021100000
08443,,7393.0,2920.0,2641.0,,2023100000,2006100000,2021100000
08444,,1954.0,5416.0,2197.0,,1985100000,1985100000,1985100000
08445,,2711.0,1430.0,921.0,,2001100000,2001100000,2002100000
08446,,1431.0,2170.0,583.0,,2004100000,2004100000,2004100000
08447,,839.0,3780.0,230.0,,2023100000,2006100000,2021100000
08448,,768.0,2000.0,346.0,,2004100000,2004100000,2004100000
08449,,1273.0,5610.0,1147.0,,2004100000,2004100000,2004100000
08461,,1996.0,6720.0,729.0,,2004100000,2004100000,2004100000
08462,,2259.0,1970.0,603.0,,2005100000,2005100000,2004100000
08463,,1118.0,10690.0,1168.0,,2004100000,2004100000,2004100000
08464,,2057.0,4520.0,1938.0,,2004100000,2004100000,2004100000
08465,,901.0,2930.0,669.0,,2005100000,2005100000,2004100000
08466,,843.0,2974.0,2884.0,,1986100000,1986100000,1985100000
08481,,2463.0,6155.0,1757.0,,1986100000,1986100000,1985100000
08482,,1095.0,2440.0,820.0,,2005100000,2005100000,2004100000
08483,,2253.0,2090.0,1202.0,,2005100000,2005100000,2004100000
08484,,415.0,5434.0,790.0,,1986100000,1986100000,1985100000
08485,,1766.0,5080.0,1274.0,,1987100000,1987100000,1985100000
08486,,657.0,5024.0,633.0,,1986100000,1986100000,1985100000
08501,,2064.0,5110.0,658.0,,2004100000,2004100000,2004100000
08502,,2010.0,4150.0,748.0,,2004100000,2004100000,2004100000
08503,,1505.0,3360.0,1281.0,,2004100000,2004100000,2004100000
08504,,1332.0,1940.0,295.0,,2004100000,2004100000,2004100000
08505,,1173.0,6520.0,1084.0,,2004100000,2004100000,2004100000
08521,,3320.0,11510.0,960.0,,2023100000,2006100000,2021100000
08522,,1065.0,2490.0,541.0,,2005100000,2005100000,2004100000
08523,,5232.0,4630.0,2008.0,,2005100000,2005100000,2004100000
08541,,12342.0,7370.0,3655.0,,2004100000,2004100000,2004100000
08542,,5402.0,1050.0,337.0,,2023100000,2006100000,2021100000
08543,,3306.0,6540.0,2150.0,,2004100000,2004100000,2004100000
08544,,1384.0,7280.0,699.0,,2004100000,2004100000,2004100000
08546,,3002.0,6540.0,1718.0,,2023100000,2006100000,2021100000
08561,,3083.0,1690.0,3155.0,,2001100000,2001100000,1999100000
08563,,1569.0,2000.0,1826.0,,2004100000,2004100000,2004100000
08564,,318.0,1280.0,404.0,,2023100000,2006100000,2021100000
09201,,32051.0,15060.0,44500.0,,2023100000,2006100000,2021100000
09202,,14738.0,5940.0,9537.0,,2023100000,2006100000,2021100000
09203,,20350.0,5810.0,10113.0,,2023100000,2006100000,2021100000
09204,,14075.0,6510.0,9322.0,,2023100000,2006100000,2021100000
09205,,14313.0,12550.0,6317.0,,2023100000,2006100000,2021100000
09206,,7088.0,12440.0,4758.0,,2023100000,2006100000,2021100000
09207,,5578.0,11740.0,4737.0,,2005100000,2005100000,2004100000
09208,,18481.0,13810.0,12996.0,,2023100000,2006100000,2021100000
09209,,12520.0,10390.0,4253.0,,2023100000,2006100000,2021100000
09210,,14015.0,24650.0,4361.0,,2023100000,2006100000,2021100000
09211,,2110.0,5050.0,1888.0,,2023100000,2006100000,2021100000
09212,,6056.0,16700.0,4321.0,,2004100000,2004100000,2004100000
09213,,9649.0,26390.0,8796.0,,2023100000,2006100000,2021100000
09214,,5025.0,10630.0,2732.0,,2023100000,2006100000,2021100000
09215,,3000.0,10840.0,1276.0,,2023100000,2006100000,2021100000
09216,,4472.0,8220.0,3389.0,,2023100000,2006100000,2021100000
09301,,8276.0,5620.0,2188.0,,2023100000,2006100000,2021100000
09302,,1425.0,3610.0,857.0,,2005100000,2005100000,2004100000
09303,,1229.0,2030.0,383.0,,2006100000,2006100000,2004100000
09304,,2550.0,2660.0,1577.0,,2006100000,2006100000,2004100000
09321,,1157.0,2400.0,288.0,,2010100000,2006100000,2007100000
09322,,1894.0,2350.0,464.0,,2005100000,2005100000,2004100000
09323,,357.0,0.0,245.0,,2005100000,2005100000,2004100000
09341,,1794.0,11440.0,627.0,,2008100000,2006100000,2007100000
09342,,652.0,3560.0,1032.0,,2023100000,2006100000,2021100000
09343,,458.0,2060.0,574.0,,2023100000,2006100000,2021100000
09344,,1998.0,5540.0,407.0,,2023100000,2006100000,2021100000
09345,,4689.0,8260.0,888.0,,2023100000,2006100000,2021100000
09361,,4096.0,5560.0,2243.0,,2023100000,2006100000,2021100000
09362,,1837.0,2400.0,1685.0,,2005100000,2005100000,2004100000
09363,,1121.0,2580.0,952.0,,2005100000,2005100000,2004100000
09364,,3752.0,2350.0,928.0,,2023100000,2006100000,2021100000
09365,,5863.0,3730.0,1610.0,,2009100000,2006100000,2007100000
09366,,1484.0,2350.0,913.0,,2009100000,2006100000,2007100000
09367,,1703.0,2560.0,743.0,,2013100000,2006100000,2011100000
09368,,1077.0,3810.0,568.0,,2009100000,2006100000,2007100000
09381,,388.0,4590.0,,,1981100000,1981100000,
09382,,45.0,80.0,82.0,,2005100000,2005100000,2004100000
09383,,61.0,940.0,787.0,,2005100000,2005100000,2004100000
09384,,1048.0,3800.0,345.0,,2023100000,2006100000,2021100000
09385,,2012.0,6770.0,1949.0,,2004100000,2004100000,2004100000
09386,,1376.0,6450.0,945.0,,2023100000,2006100000,2021100000
09387,,2004.0,5490.0,671.0,,2004100000,2004100000,2004100000
09401,,1564.0,9370.0,432.0,,2004100000,2004100000,2004100000
09402,,2239.0,2980.0,1507.0,,2004100000,2004100000,2004100000
09403,,1032.0,2370.0,757.0,,2004100000,2004100000,2004100000
09404,,993.0,2680.0,522.0,,2004100000,2004100000,2004100000
09405,,506.0,4770.0,186.0,,2004100000,2004100000,2004100000
09406,,1638.0,4200.0,762.0,,2004100000,2004100000,2004100000
09407,,1613.0,13990.0,1304.0,,2023100000,2006100000,2021100000
09409,,4021.0,5900.0,3856.0,,2004100000,2004100000,2004100000
09410,,777.0,5160.0,617.0,,2004100000,2004100000,2004100000
09411,,1461.0,4460.0,863.0,,2023100000,2006100000,2021100000
09421,,2394.0,1350.0,1588.0,,2004100000,2004100000,2004100000
09422,,1279.0,340.0,850.0,,2004100000,2004100000,2004100000
10201,,18671.0,31000.0,26246.0,,2023100000,2006100000,2021100000
10202,,29162.0,16280.0,33447.0,,2023100000,2006100000,2021100000
10203,,8835.0,10620.0,6251.0,,2023100000,2006100000,2021100000
10204,,29086.0,16850.0,14614.0,,2023100000,2006100000,2021100000
10205,,48206.0,19030.0,16221.0,,2023100000,2006100000,2021100000
10206,,2630.0,9130.0,3675.0,,2023100000,2006100000,2021100000
10207,,8202.0,7030.0,5347.0,,2023100000,2006100000,2021100000
10208,,4965.0,14920.0,5028.0,,2023100000,2006100000,2021100000
10209,,9338.0,4830.0,3586.0,,2023100000,2006100000,2021100000
10210,,8837.0,4830.0,3058.0,,2023100000,2006100000,2021100000
10211,,7359.0,6190.0,2720.0,,2023100000,2006100000,2021100000
10212,,3602.0,5110.0,3532.0,,2023100000,2006100000,2021100000
10301,,373.0,4810.0,394.0,,2005100000,2005100000,2004100000
10302,,332.0,5410.0,406.0,,2005100000,2005100000,2004100000
10303,,445.0,7730.0,1050.0,,2008100000,2006100000,2007100000
10304,,555.0,3150.0,1356.0,,2003100000,2003100000,2004100000
10305,,263.0,7260.0,270.0,,2003100000,2003100000,2004100000
10306,,2557.0,2730.0,360.0,,2003100000,2003100000,2004100000
10307,,1906.0,7370.0,550.0,,2004100000,2004100000,2004100000
10308,,111.0,2500.0,63.0,,2004100000,2004100000,2004100000
10309,,355.0,220.0,145.0,,2005100000,2005100000,2004100000
10321,,2288.0,6740.0,1141.0,,2005100000,2005100000,2004100000
10322,,212.0,2270.0,150.0,,2005100000,2005100000,2004100000
10323,,953.0,3130.0,754.0,,2005100000,2005100000,2004100000
10324,,2643.0,1610.0,2397.0,,2005100000,2005100000,2004100000
10341,,527.0,2040.0,825.0,,2005100000,2005100000,2004100000
10342,,96.0,190.0,116.0,,2005100000,2005100000,2004100000
10343,,30.0,20.0,269.0,,2005100000,2005100000,2004100000
10344,,1004.0,2140.0,386.0,,2023100000,2006100000,2021100000
10345,,1297.0,2410.0,1873.0,,2023100000,2006100000,2021100000
10361,,972.0,60.0,801.0,,2005100000,2005100000,2004100000
10362,,566.0,150.0,512.0,,2005100000,2005100000,2004100000
10363,,2589.0,2100.0,1415.0,,2008100000,2006100000,2007100000
10364,,119.0,80.0,270.0,,2002100000,2002100000,2002100000
10365,,38.0,20.0,66.0,,2000100000,2002100000,2002100000
10366,,38.0,70.0,47.0,,2023100000,2006100000,2021100000
10367,,8.0,80.0,90.0,,2023100000,2006100000,2021100000
10381,,325.0,710.0,105.0,,2005100000,2005100000,2004100000
10382,,522.0,820.0,369.0,,2023100000,2006100000,2021100000
10383,,35.0,90.0,50.0,,2023100000,2006100000,2021100000
10384,,1961.0,2190.0,530.0,,2023100000,2006100000,2021100000
10401,,1669.0,2050.0,733.0,,2005100000,2005100000,2004100000
10421,,540.0,2190.0,890.0,,2023100000,2006100000,2021100000
10422,,10.0,320.0,62.0,,2005100000,2005100000,2004100000
10423,,1398.0,8410.0,1194.0,,2005100000,2005100000,2004100000
10424,,52.0,3700.0,471.0,,2023100000,2006100000,2021100000
10425,,98.0,13970.0,431.0,,2023100000,2006100000,2021100000
10426,,17.0,220.0,475.0,,2023100000,2006100000,2021100000
10427,,18.0,430.0,65.0,,2009100000,2006100000,2007100000
10428,,195.0,1340.0,107.0,,2023100000,2006100000,2021100000
10429,,1732.0,8710.0,952.0,,2023100000,2006100000,2021100000
10441,,549.0,1830.0,229.0,,2004100000,2004100000,2004100000
10442,,124.0,3060.0,315.0,,2004100000,2004100000,2004100000
10443,,183.0,1770.0,143.0,,2023100000,2006100000,2021100000
10444,,147.0,1820.0,216.0,,2023100000,2006100000,2021100000
10445,,654.0,1470.0,900.0,,2004100000,2004100000,2004100000
10446,,67.0,120.0,446.0,,2004100000,2004100000,2004100000
10447,,405.0,1930.0,367.0,,2004100000,2004100000,2004100000
10448,,985.0,9270.0,309.0,,2023100000,2006100000,2021100000
10449,,1456.0,3400.0,983.0,,2023100000,2006100000,2021100000
10461,,4114.0,5050.0,1180.0,,2004100000,2004100000,2004100000
10462,,2588.0,4400.0,1752.0,,2004100000,2004100000,2004100000
10463,,3924.0,4060.0,1772.0,,2004100000,2004100000,2004100000
10464,,5158.0,1890.0,2186.0,,2023100000,2006100000,2021100000
10481,,3565.0,2910.0,949.0,,2004100000,2004100000,2004100000
10482,,6657.0,8300.0,2486.0,,2004100000,2004100000,2004100000
10483,,3277.0,5270.0,1206.0,,2004100000,2004100000,2004100000
10484,,2555.0,4410.0,2268.0,,2005100000,2005100000,2004100000
10501,,1456.0,670.0,2337.0,,2005100000,2005100000,2004100000
10521,,2422.0,6460.0,980.0,,2023100000,2006100000,2021100000
10522,,3007.0,1910.0,290.0,,2023100000,2006100000,2021100000
10523,,3551.0,1360.0,625.0,,2023100000,2006100000,2021100000
10524,,12384.0,310.0,2286.0,,2023100000,2006100000,2021100000
10525,,5438.0,2760.0,1650.0,,2023100000,2006100000,2021100000
11100,,28290.0,7840.0,95697.0,,2023100000,2006100000,2021100000
11101,,2300.0,,3744.0,,2023100000,,2021100000
11102,,5065.0,,15200.0,,2023100000,,2021100000
11103,,899.0,,19648.0,,2023100000,,2021100000
11104,,2472.0,,8190.0,,2023100000,,2021100000
11105,,1486.0,,10728.0,,2023100000,,2021100000
11106,,3724.0,,5072.0,,2023100000,,2021100000
11107,,516.0,,9799.0,,2023100000,,2021100000
11108,,2636.0,,9774.0,,2023100000,,2021100000
11109,,744.0,,7770.0,,2023100000,,2021100000
11110,,8448.0,,5772.0,,2023100000,,2021100000
11201,,21009.0,7860.0,22750.0,,2023100000,2006100000,2021100000
11202,,13999.0,10720.0,14841.0,,2023100000,2006100000,2021100000
11203,,22319.0,1370.0,29511.0,,2023100000,2006100000,2021100000
11204,,11832.0,2550.0,35368.0,,2000100000,2000100000,1999100000
11205,,15435.0,3000.0,54875.0,,2000100000,2000100000,1999100000
11206,,8081.0,4840.0,4776.0,,2023100000,2006100000,2021100000
11207,,5284.0,1840.0,4175.0,,2023100000,2006100000,2021100000
11208,,7377.0,5950.0,17958.0,,2023100000,2006100000,2021100000
11209,,4925.0,550.0,3978.0,,2023100000,2006100000,2021100000
11210,,12737.0,4750.0,5314.0,,2023100000,2006100000,2021100000
11211,,7682.0,8770.0,6683.0,,2023100000,2006100000,2021100000
11212,,8922.0,1630.0,6290.0,,2023100000,2006100000,2021100000
11213,,9791.0,3470.0,7759.0,,2004100000,2004100000,2004100000
11214,,7178.0,4010.0,12083.0,,2023100000,2006100000,2021100000
11215,,13403.0,3570.0,8189.0,,2023100000,2006100000,2021100000
11216,,7217.0,4360.0,4637.0,,2023100000,2006100000,2021100000
11217,,6290.0,7200.0,5531.0,,2023100000,2006100000,2021100000
11218,,13018.0,35640.0,9933.0,,2023100000,2006100000,2021100000
11219,,10079.0,1670.0,13115.0,,2023100000,2006100000,2021100000
11220,,3509.0,80.0,7343.0,,2000100000,2000100000,1999100000
11221,,14151.0,1190.0,12594.0,,2023100000,2006100000,2021100000
11222,,8905.0,3270.0,22383.0,,2023100000,2006100000,2021100000
11223,,2844.0,30.0,3698.0,,2023100000,2006100000,2021100000
11224,,10954.0,40.0,10109.0,,2023100000,2006100000,2021100000
11225,,11444.0,2400.0,9153.0,,2023100000,2006100000,2021100000
11226,,2039.0,120.0,2882.0,,2010100000,2006100000,2007100000
11227,,4329.0,940.0,6273.0,,2023100000,2006100000,2021100000
11228,,1230.0,400.0,3288.0,,2023100000,2006100000,2021100000
11229,,1290.0,750.0,5263.0,,2023100000,2006100000,2021100000
11230,,4936.0,1620.0,8217.0,,2023100000,2006100000,2021100000
11231,,4106.0,1400.0,4073.0,,2023100000,2006100000,2021100000
11232,,11973.0,1350.0,9666.0,,2023100000,2006100000,2021100000
11233,,2795.0,1000.0,4142.0,,2023100000,2006100000,2021100000
11234,,13216.0,920.0,5610.0,,2023100000,2006100000,2021100000
11235,,829.0,1440.0,5976.0,,2023100000,2006100000,2021100000
11236,,3458.0,330.0,3108.0,,2004100000,2004100000,2004100000
11237,,6677.0,1180.0,9241.0,,2023100000,2006100000,2021100000
11238,,3822.0,2920.0,2865.0,,2023100000,2006100000,2021100000
11239,,6124.0,1270.0,4444.0,,2023100000,2006100000,2021100000
11240,,3263.0,2150.0,2798.0,,2023100000,2006100000,2021100000
11241,,2937.0,980.0,5061.0,,2023100000,2006100000,2021100000
11242,,6287.0,1780.0,3204.0,,2023100000,2006100000,2021100000
11243,,4176.0,2740.0,3749.0,,2023100000,2006100000,2021100000
11244,,25327.0,4910.0,90149.0,,2002100000,2002100000,2002100000
11245,,4498.0,1050.0,5303.0,,2023100000,2006100000,2021100000
11246,,2118.0,,2073.0,,2023100000,,2021100000
11301,,4052.0,660.0,2135.0,,2023100000,2006100000,2021100000
11304,,2577.0,640.0,2020.0,,2004100000,2004100000,2004100000
11322,,2315.0,870.0,3554.0,,2004100000,2004100000,2004100000
11324,,9144.0,1660.0,3241.0,,2023100000,2006100000,2021100000
11326,,1165.0,1060.0,1750.0,,2023100000,2006100000,2021100000
11327,,460.0,240.0,392.0,,2023100000,2006100000,2021100000
11328,,5198.0,1290.0,3883.0,,1990100000,1990100000,1991100000
11329,,5452.0,3230.0,2088.0,,1990100000,1990100000,1991100000
11330,,66.0,20.0,89.0,,2004100000,2004100000,2004100000
11341,,2742.0,660.0,1206.0,,2023100000,2006100000,2021100000
11342,,3690.0,1160.0,944.0,,2023100000,2006100000,2021100000
11343,,2181.0,420.0,1289.0,,2023100000,2006100000,2021100000
11344,,460.0,110.0,210.0,,2005100000,2005100000,2004100000
11345,,1675.0,130.0,205.0,,2005100000,2005100000,2004100000
11346,,4267.0,3710.0,1108.0,,2023100000,2006100000,2021100000
11347,,2564.0,2060.0,528.0,,2023100000,2006100000,2021100000
11348,,206.0,480.0,322.0,,2023100000,2006100000,2021100000
11349,,1890.0,220.0,424.0,,2023100000,2006100000,2021100000
11361,,658.0,250.0,346.0,,2023100000,2006100000,2021100000
11362,,505.0,290.0,669.0,,2023100000,2006100000,2021100000
11363,,560.0,140.0,253.0,,2023100000,2006100000,2021100000
11364,,801.0,600.0,213.0,,2004100000,2004100000,2004100000
11365,,1270.0,780.0,493.0,,2023100000,2006100000,2021100000
11366,,426.0,260.0,41.0,,2004100000,2004100000,2004100000
11367,,11.0,20.0,61.0,,2004100000,2004100000,2004100000
11368,,549.0,170.0,239.0,,2004100000,2004100000,2004100000
11369,,132.0,190.0,106.0,,2023100000,2006100000,2021100000
11381,,3593.0,2280.0,364.0,,2023100000,2006100000,2021100000
11382,,2618.0,2480.0,1392.0,,2005100000,2005100000,2004100000
11383,,1544.0,3120.0,389.0,,2023100000,2006100000,2021100000
11384,,169.0,200.0,12.0,,2005100000,2005100000,2004100000
11385,,4061.0,4210.0,1926.0,,2023100000,2006100000,2021100000
11401,,1163.0,720.0,347.0,,2004100000,2004100000,2004100000
11402,,2275.0,890.0,759.0,,2006100000,2006100000,2004100000
11403,,3891.0,5540.0,1732.0,,2004100000,2004100000,2004100000
11405,,2817.0,9310.0,918.0,,2005100000,2005100000,2004100000
11406,,2368.0,2070.0,877.0,,2005100000,2005100000,2004100000
11407,,1453.0,2640.0,804.0,,2005100000,2005100000,2004100000
11408,,6075.0,3190.0,1598.0,,2023100000,2006100000,2021100000
11421,,2403.0,2830.0,1158.0,,2009100000,2006100000,2007100000
11422,,133.0,660.0,101.0,,2005100000,2005100000,2004100000
11423,,1472.0,4070.0,295.0,,2004100000,2004100000,2004100000
11424,,1308.0,2670.0,340.0,,2009100000,2006100000,2007100000
11425,,3927.0,1740.0,967.0,,2009100000,2006100000,2007100000
11442,,332.0,890.0,897.0,,2023100000,2006100000,2021100000
11445,,1895.0,1830.0,2107.0,,2011100000,2006100000,2011100000
11446,,2206.0,3630.0,1063.0,,2009100000,2006100000,2007100000
11461,,522.0,940.0,1536.0,,2009100000,2006100000,2007100000
11462,,996.0,840.0,1621.0,,2009100000,2006100000,2007100000
11463,,3623.0,3054.0,2788.0,,1985100000,1985100000,1985100000
11464,,2209.0,2370.0,2290.0,,2023100000,2006100000,2021100000
11465,,1732.0,1090.0,1075.0,,2023100000,2006100000,2021100000
11466,,4040.0,3260.0,3000.0,,1995100000,1995100000,1994100000
11468,,926.0,2480.0,1704.0,,2004100000,2004100000,2004100000
12100,,22628.0,10900.0,71311.0,,2023100000,2006100000,2021100000
12101,,4971.0,,21208.0,,2023100000,,2021100000
12102,,3963.0,,7960.0,,2023100000,,2021100000
12103,,4149.0,,9673.0,,2023100000,,2021100000
12104,,1510.0,,7396.0,,2023100000,,2021100000
12105,,2464.0,,6337.0,,2023100000,,2021100000
12106,,5571.0,,18737.0,,2023100000,,2021100000
12201,,30625.0,15930.0,81027.0,,1991100000,1991100000,1991100000
12202,,4441.0,22840.0,4774.0,,2023100000,2006100000,2021100000
12203,,7067.0,4240.0,20332.0,,2023100000,2006100000,2021100000
12204,,15730.0,8320.0,33124.0,,2023100000,2006100000,2021100000
12205,,582.0,6440.0,3840.0,,2023100000,2006100000,2021100000
12206,,3487.0,5170.0,10797.0,,2023100000,2006100000,2021100000
12207,,9817.0,5630.0,24190.0,,2023100000,2006100000,2021100000
12208,,10970.0,8430.0,7565.0,,2023100000,2006100000,2021100000
12209,,1522.0,11730.0,4272.0,,2005100000,2005100000,2004100000
12210,,5103.0,5680.0,6704.0,,2023100000,2006100000,2021100000
12211,,7000.0,16130.0,10906.0,,2023100000,2006100000,2021100000
12212,,8887.0,5370.0,8549.0,,2023100000,2006100000,2021100000
12213,,2970.0,7330.0,4298.0,,2023100000,2006100000,2021100000
12214,,1657.0,8490.0,3119.0,,2005100000,2005100000,2004100000
12215,,3822.0,41830.0,4887.0,,2023100000,2006100000,2021100000
12216,,7549.0,740.0,9566.0,,2023100000,2006100000,2021100000
12217,,9922.0,9580.0,27215.0,,2023100000,2006100000,2021100000
12218,,367.0,2010.0,1080.0,,2023100000,2006100000,2021100000
12219,,20497.0,12030.0,15374.0,,2023100000,2006100000,2021100000
12220,,2047.0,2760.0,8993.0,,2023100000,2006100000,2021100000
12221,,8794.0,4100.0,10115.0,,2023100000,2006100000,2021100000
12222,,662.0,2820.0,4772.0,,2023100000,2006100000,2021100000
12223,,609.0,5500.0,2753.0,,2023100000,2006100000,2021100000
12224,,1981.0,3830.0,5027.0,,2023100000,2006100000,2021100000
12225,,6866.0,9080.0,5053.0,,2023100000,2006100000,2021100000
12226,,2432.0,4890.0,2375.0,,2023100000,2006100000,2021100000
12227,,2207.0,0.0,11620.0,,2023100000,2005100000,2021100000
12228,,1231.0,1680.0,5130.0,,2023100000,2006100000,2021100000
12229,,6834.0,8120.0,2544.0,,2023100000,2006100000,2021100000
12230,,2866.0,14600.0,4665.0,,2023100000,2006100000,2021100000
12231,,1595.0,4440.0,6616.0,,2023100000,2006100000,2021100000
12232,,4224.0,4810.0,3276.0,,2023100000,2006100000,2021100000
12233,,2484.0,11150.0,3313.0,,2023100000,2006100000,2021100000
12234,,913.0,15830.0,1850.0,,2023100000,2006100000,2021100000
12235,,2131.0,14090.0,2165.0,,2023100000,2006100000,2021100000
12236,,3065.0,32130.0,4919.0,,2023100000,2006100000,2021100000
12237,,2722.0,16210.0,2728.0,,2023100000,2006100000,2021100000
12238,,1149.0,8240.0,2245.0,,2023100000,2006100000,2021100000
12239,,333.0,,1998.0,,2023100000,,2021100000
12301,,2243.0,0.0,,,1980100000,1980100000,
12303,,3402.0,5450.0,1065.0,,2002100000,2002100000,2002100000
12305,,2390.0,5270.0,3642.0,,2004100000,2004100000,2004100000
12321,,1531.0,2144.0,,,1980100000,1980100000,
12322,,794.0,930.0,2290.0,,2023100000,2006100000,2021100000
12323,,2178.0,18800.0,3493.0,,1991100000,1991100000,1991100000
12324,,1685.0,13050.0,4441.0,,2001100000,2001100000,1999100000
12325,,203.0,2460.0,538.0,,2009100000,2006100000,2007100000
12326,,4389.0,3900.0,3202.0,,2000100000,2000100000,1999100000
12327,,664.0,4280.0,2399.0,,1995100000,1995100000,1994100000
12328,,311.0,1580.0,243.0,,2009100000,2006100000,2007100000
12329,,877.0,2240.0,1043.0,,2023100000,2006100000,2021100000
12341,,494.0,2350.0,266.0,,2005100000,2005100000,2004100000
12342,,778.0,1390.0,313.0,,2023100000,2006100000,2021100000
12343,,1012.0,8290.0,822.0,,2005100000,2005100000,2004100000
12344,,1730.0,6120.0,2173.0,,2005100000,2005100000,2004100000
12345,,347.0,11210.0,463.0,,2005100000,2005100000,2004100000
12346,,523.0,4320.0,205.0,,2005100000,2005100000,2004100000
12347,,1553.0,10110.0,883.0,,2023100000,2006100000,2021100000
12348,,726.0,9700.0,359.0,,2004100000,2004100000,2004100000
12349,,1063.0,8550.0,552.0,,2023100000,2006100000,2021100000
12361,,272.0,10410.0,438.0,,2004100000,2004100000,2004100000
12362,,365.0,6540.0,679.0,,2004100000,2004100000,2004100000
12381,,736.0,4510.0,604.0,,2005100000,2005100000,2004100000
12382,,562.0,5790.0,665.0,,2005100000,2005100000,2004100000
12402,,564.0,3810.0,1742.0,,2012100000,2006100000,2011100000
12403,,976.0,2190.0,645.0,,2023100000,2006100000,2021100000
12404,,1400.0,5620.0,1592.0,,2005100000,2005100000,2004100000
12405,,728.0,5510.0,423.0,,2005100000,2005100000,2004100000
12406,,180.0,1290.0,201.0,,2005100000,2005100000,2004100000
12407,,1666.0,5010.0,1010.0,,2005100000,2005100000,2004100000
12408,,1017.0,3720.0,1079.0,,2005100000,2005100000,2004100000
12409,,1702.0,5930.0,1067.0,,2023100000,2006100000,2021100000
12410,,1347.0,7320.0,1160.0,,2023100000,2006100000,2021100000
12421,,260.0,2620.0,595.0,,2023100000,2006100000,2021100000
12422,,229.0,1720.0,243.0,,2023100000,2006100000,2021100000
12423,,1134.0,2110.0,568.0,,2023100000,2006100000,2021100000
12424,,464.0,3390.0,416.0,,2023100000,2006100000,2021100000
12426,,1107.0,1450.0,182.0,,2023100000,2006100000,2021100000
12427,,1440.0,1950.0,244.0,,2023100000,2006100000,2021100000
12441,,895.0,2140.0,768.0,,2023100000,2006100000,2021100000
12442,,594.0,2190.0,530.0,,2004100000,2004100000,2004100000
12443,,98.0,540.0,254.0,,2023100000,2006100000,2021100000
12444,,815.0,2360.0,1814.0,,2004100000,2004100000,2004100000
12445,,218.0,1980.0,717.0,,2004100000,2004100000,2004100000
12461,,100.0,2170.0,387.0,,2005100000,2005100000,2004100000
12462,,125.0,2590.0,378.0,,2005100000,2005100000,2004100000
12463,,120.0,2030.0,492.0,,2023100000,2006100000,2021100000
12464,,306.0,2230.0,187.0,,2005100000,2005100000,2004100000
12465,,73.0,1410.0,404.0,,2005100000,2005100000,2004100000
12466,,627.0,2100.0,978.0,,2005100000,2005100000,2004100000
12467,,65.0,3540.0,257.0,,2005100000,2005100000,2004100000
12468,,209.0,2290.0,323.0,,2005100000,2005100000,2004100000
12472,,194.0,180.0,605.0,,2004100000,2004100000,2004100000
12481,,4828.0,9870.0,2397.0,,1990100000,1990100000,1988100000
13100,,149983.0,4960.0,1332336.0,,2023100000,2006100000,2021100000
13101,,3048.0,,164686.0,,2023100000,,2021100000
13102,,2923.0,,156286.0,,2023100000,,2021100000
13103,,2436.0,,168399.0,,2023100000,,2021100000
13104,,5311.0,,75448.0,,2023100000,,2021100000
13105,,5271.0,,30935.0,,2023100000,,2021100000
13106,,5080.0,,57994.0,,2023100000,,2021100000
13107,,12116.0,,32420.0,,2023100000,,2021100000
13108,,11630.0,,69195.0,,2023100000,,2021100000
13109,,6790.0,,79601.0,,2023100000,,2021100000
13110,,2242.0,,22714.0,,2023100000,,2021100000
13111,,22635.0,,66806.0,,2023100000,,2021100000
13112,,2113.0,,44673.0,,2023100000,,2021100000
13113,,1921.0,,78381.0,,2023100000,,2021100000
13114,,860.0,,19928.0,,2023100000,,2021100000
13115,,1074.0,,26229.0,,2023100000,,2021100000
13116,,3159.0,,41470.0,,2023100000,,2021100000
13117,,7657.0,,20038.0,,2023100000,,2021100000
13118,,4869.0,,12819.0,,2023100000,,2021100000
13119,,14780.0,,32746.0,,2023100000,,2021100000
13120,,2886.0,,32250.0,,2023100000,,2021100000
13121,,12280.0,,40590.0,,2023100000,,2021100000
13122,,8698.0,,23661.0,,2023100000,,2021100000
13123,,10204.0,,33458.0,,2023100000,,2021100000
13201,,16778.0,2600.0,36379.0,,2023100000,2006100000,2021100000
13202,,3865.0,1070.0,18569.0,,2023100000,2006100000,2021100000
13203,,692.0,160.0,14644.0,,2023100000,2006100000,2021100000
13204,,1518.0,580.0,7554.0,,2023100000,2006100000,2021100000
13205,,7389.0,920.0,7799.0,,2023100000,2006100000,2021100000
13206,,12855.0,910.0,14598.0,,2023100000,2006100000,2021100000
13207,,8531.0,300.0,7935.0,,2023100000,2006100000,2021100000
13208,,2017.0,580.0,13837.0,,2023100000,2006100000,2021100000
13209,,5448.0,1660.0,24343.0,,2023100000,2006100000,2021100000
13210,,542.0,200.0,5058.0,,2023100000,2006100000,2021100000
13211,,2694.0,950.0,7945.0,,2023100000,2006100000,2021100000
13212,,13071.0,820.0,7104.0,,2023100000,2006100000,2021100000
13213,,2937.0,810.0,5892.0,,2023100000,2006100000,2021100000
13214,,897.0,490.0,5793.0,,2023100000,2006100000,2021100000
13215,,330.0,270.0,4944.0,,2023100000,2006100000,2021100000
13216,,5156.0,240.0,5008.0,,2000100000,2000100000,1999100000
13217,,874.0,510.0,5984.0,,2000100000,2000100000,1999100000
13218,,1189.0,40.0,2774.0,,2023100000,2006100000,2021100000
13219,,299.0,160.0,2813.0,,2023100000,2006100000,2021100000
13220,,1232.0,230.0,4228.0,,2023100000,2006100000,2021100000
13221,,819.0,970.0,2503.0,,2023100000,2006100000,2021100000
13222,,3814.0,750.0,6899.0,,2023100000,2006100000,2021100000
13223,,5441.0,620.0,5170.0,,2023100000,2006100000,2021100000
13224,,895.0,90.0,10751.0,,2023100000,2006100000,2021100000
13225,,1273.0,1150.0,4288.0,,2023100000,2006100000,2021100000
13226,,2601.0,820.0,2591.0,,1994100000,1994100000,1994100000
13227,,8661.0,170.0,2916.0,,2023100000,2006100000,2021100000
13228,,2047.0,990.0,3385.0,,2023100000,2006100000,2021100000
13229,,891.0,690.0,9608.0,,2023100000,2006100000,2021100000
13302,,10593.0,330.0,3810.0,,1990100000,1990100000,1991100000
13303,,6641.0,690.0,3164.0,,2023100000,2006100000,2021100000
13305,,1601.0,220.0,1676.0,,2023100000,2006100000,2021100000
13306,,1207.0,330.0,1067.0,,1994100000,1994100000,1994100000
13307,,56.0,70.0,57.0,,2023100000,2006100000,2021100000
13308,,87.0,130.0,125.0,,2023100000,2006100000,2021100000
13361,,89.0,730.0,420.0,,2023100000,2006100000,2021100000
13362,,0.0,20.0,10.0,,2023100000,2006100000,2021100000
13363,,18.0,100.0,193.0,,2023100000,2006100000,2021100000
13364,,6.0,190.0,147.0,,2023100000,2006100000,2021100000
13381,,12.0,120.0,117.0,,2023100000,2006100000,2021100000
13382,,0.0,40.0,20.0,,2023100000,2006100000,2021100000
13401,,60.0,2270.0,447.0,,2023100000,2006100000,2021100000
13402,,13.0,40.0,4.0,,2023100000,2006100000,2021100000
13421,,2.0,90.0,130.0,,2023100000,2006100000,2021100000
14100,,91029.0,10140.0,237013.0,,2023100000,2006100000,2021100000
14101,,16171.0,,13425.0,,2023100000,,2021100000
14102,,5141.0,,18454.0,,2023100000,,2021100000
14103,,1163.0,,27200.0,,2023100000,,2021100000
14104,,1439.0,,19050.0,,2023100000,,2021100000
14105,,922.0,,7088.0,,2023100000,,2021100000
14106,,1746.0,,7470.0,,2023100000,,2021100000
14107,,7980.0,,6789.0,,2023100000,,2021100000
14108,,14293.0,,11059.0,,2023100000,,2021100000
14109,,11061.0,,28928.0,,2023100000,,2021100000
14110,,6581.0,,14649.0,,2023100000,,2021100000
14111,,591.0,,12073.0,,2023100000,,2021100000
14112,,1821.0,,9512.0,,2023100000,,2021100000
14113,,3679.0,,7894.0,,2023100000,,2021100000
14114,,1649.0,,6259.0,,2023100000,,2021100000
14115,,3491.0,,2917.0,,2023100000,,2021100000
14116,,1315.0,,6725.0,,2023100000,,2021100000
14117,,1170.0,,14917.0,,2023100000,,2021100000
14118,,10816.0,,22604.0,,2023100000,,2021100000
14130,,50062.0,2600.0,82987.0,,2023100000,2006100000,2021100000
14131,,26762.0,,19888.0,,2023100000,,2021100000
14132,,4630.0,,12873.0,,2023100000,,2021100000
14133,,6395.0,,13322.0,,2023100000,,2021100000
14134,,6651.0,,11837.0,,2023100000,,2021100000
14135,,1630.0,,7689.0,,2023100000,,2021100000
14136,,1291.0,,10121.0,,2023100000,,2021100000
14137,,2703.0,,7257.0,,2023100000,,2021100000
14150,,36183.0,,38487.0,,2023100000,,2021100000
14151,,10542.0,,10117.0,,2023100000,,2021100000
14152,,18398.0,,15050.0,,2023100000,,2021100000
14153,,7243.0,,13320.0,,2023100000,,2021100000
14201,,13697.0,2890.0,19864.0,,2023100000,2006100000,2021100000
14203,,19002.0,6440.0,17103.0,,2023100000,2006100000,2021100000
14204,,6614.0,320.0,11035.0,,2023100000,2006100000,2021100000
14205,,24435.0,5150.0,25866.0,,2023100000,2006100000,2021100000
14206,,10081.0,4460.0,13444.0,,2023100000,2006100000,2021100000
14207,,6245.0,2110.0,10263.0,,2023100000,2006100000,2021100000
14208,,125.0,20.0,2457.0,,2023100000,2006100000,2021100000
14209,,38891.0,4290.0,45649.0,,2009100000,2006100000,2007100000
14210,,574.0,9650.0,2956.0,,2023100000,2006100000,2021100000
14211,,12435.0,3000.0,8084.0,,2023100000,2006100000,2021100000
14212,,21193.0,2850.0,18237.0,,2023100000,2006100000,2021100000
14213,,8943.0,520.0,14177.0,,2023100000,2006100000,2021100000
14214,,5961.0,4030.0,6602.0,,2023100000,2006100000,2021100000
14215,,6526.0,1770.0,10616.0,,2023100000,2006100000,2021100000
14216,,7563.0,440.0,7024.0,,2023100000,2006100000,2021100000
14217,,4315.0,1160.0,1595.0,,2023100000,2006100000,2021100000
14218,,10055.0,1420.0,4065.0,,2023100000,2006100000,2021100000
14301,,148.0,130.0,1228.0,,2023100000,2006100000,2021100000
14321,,7849.0,960.0,2539.0,,2023100000,2006100000,2021100000
14341,,214.0,1080.0,1420.0,,2023100000,2006100000,2021100000
14342,,361.0,420.0,1150.0,,2023100000,2006100000,2021100000
14361,,2518.0,1310.0,818.0,,2023100000,2006100000,2021100000
14362,,547.0,560.0,1263.0,,2023100000,2006100000,2021100000
14363,,326.0,530.0,237.0,,2023100000,2006100000,2021100000
14364,,1651.0,570.0,446.0,,2023100000,2006100000,2021100000
14366,,1070.0,290.0,1030.0,,2023100000,2006100000,2021100000
14382,,44.0,10.0,1026.0,,2023100000,2006100000,2021100000
14383,,84.0,110.0,282.0,,2023100000,2006100000,2021100000
14384,,240.0,600.0,1238.0,,2023100000,2006100000,2021100000
14401,,7130.0,2920.0,2366.0,,2023100000,2006100000,2021100000
14402,,530.0,500.0,37.0,,2023100000,2006100000,2021100000
14421,,1497.0,260.0,1596.0,,2006100000,2006100000,2004100000
14422,,1644.0,440.0,1370.0,,2005100000,2005100000,2004100000
14423,,420.0,140.0,438.0,,2005100000,2005100000,2004100000
14424,,556.0,120.0,345.0,,2006100000,2006100000,2004100000
22100,,50402.0,22140.0,62488.0,,2023100000,2006100000,2021100000
22101,,6175.0,,24816.0,,2023100000,,2021100000
22102,,16871.0,,22246.0,,2023100000,,2021100000
22103,,27356.0,,15426.0,,2023100000,,2021100000
22130,,72296.0,,61255.0,,2023100000,,2021100000
22131,,8692.0,,19536.0,,2023100000,,2021100000
22132,,11784.0,,14986.0,,2023100000,,2021100000
22133,,9007.0,,7553.0,,2023100000,,2021100000
22134,,13008.0,,7623.0,,2023100000,,2021100000
22135,,16745.0,,5077.0,,2023100000,,2021100000
22136,,11261.0,,5619.0,,2023100000,,2021100000
22137,,1799.0,,861.0,,2023100000,,2021100000
22201,,46173.0,23550.0,76227.0,,2004100000,2004100000,2004100000
22202,,92056.0,54050.0,58004.0,,2006100000,2006100000,2004100000
22203,,17640.0,7020.0,16606.0,,2023100000,2006100000,2021100000
22204,,24416.0,9330.0,21032.0,,2002100000,2002100000,2002100000
22205,,198.0,640.0,2411.0,,2023100000,2006100000,2021100000
22206,,7025.0,4070.0,6187.0,,2023100000,2006100000,2021100000
22207,,20445.0,11410.0,7602.0,,2023100000,2006100000,2021100000
22208,,655.0,910.0,4784.0,,2023100000,2006100000,2021100000
22209,,10871.0,9780.0,6204.0,,2023100000,2006100000,2021100000
22210,,34578.0,6320.0,17195.0,,2023100000,2006100000,2021100000
22211,,38278.0,13710.0,10184.0,,2023100000,2006100000,2021100000
22212,,16508.0,2570.0,9552.0,,2023100000,2006100000,2021100000
22213,,20231.0,20360.0,7124.0,,2023100000,2006100000,2021100000
22214,,12845.0,6690.0,9932.0,,2023100000,2006100000,2021100000
22215,,8595.0,2540.0,6834.0,,2023100000,2006100000,2021100000
22216,,13895.0,11370.0,5649.0,,2023100000,2006100000,2021100000
22217,,2693.0,1040.0,1532.0,,2004100000,2004100000,2004100000
22218,,11967.0,5550.0,5374.0,,2004100000,2004100000,2004100000
22219,,119.0,510.0,1864.0,,2023100000,2006100000,2021100000
22220,,5215.0,960.0,3435.0,,2023100000,2006100000,2021100000
22221,,23113.0,6110.0,2953.0,,2023100000,2006100000,2021100000
22222,,894.0,2920.0,1738.0,,2023100000,2006100000,2021100000
22223,,3791.0,7280.0,1724.0,,2023100000,2006100000,2021100000
22224,,8669.0,10690.0,2590.0,,2023100000,2006100000,2021100000
22225,,3801.0,3800.0,2524.0,,2023100000,2006100000,2021100000
22226,,11999.0,14060.0,3530.0,,2023100000,2006100000,2021100000
22301,,54.0,1180.0,545.0,,2023100000,2006100000,2021100000
22302,,112.0,1320.0,480.0,,2023100000,2006100000,2021100000
22304,,119.0,690.0,370.0,,2023100000,2006100000,2021100000
22305,,96.0,470.0,434.0,,2023100000,2006100000,2021100000
22306,,245.0,400.0,464.0,,2023100000,2006100000,2021100000
22307,,189.0,130.0,225.0,,2004100000,2004100000,2004100000
22321,,970.0,650.0,923.0,,2004100000,2004100000,2004100000
22322,,586.0,780.0,1386.0,,2003100000,2003100000,2002100000
22323,,244.0,190.0,285.0,,2004100000,2004100000,2004100000
22324,,139.0,310.0,533.0,,2003100000,2003100000,2002100000
22325,,1344.0,2630.0,2043.0,,2023100000,2006100000,2021100000
22326,,907.0,2190.0,831.0,,2004100000,2004100000,2004100000
22327,,2896.0,1070.0,1609.0,,2004100000,2004100000,2004100000
22328,,417.0,690.0,547.0,,2003100000,2003100000,2002100000
22329,,338.0,1380.0,243.0,,2003100000,2003100000,2002100000
22341,,3840.0,240.0,3769.0,,2023100000,2006100000,2021100000
22342,,4953.0,1960.0,2764.0,,2023100000,2006100000,2021100000
22344,,2463.0,670.0,745.0,,2023100000,2006100000,2021100000
22361,,1508.0,590.0,243.0,,2009100000,2006100000,2007100000
22381,,2812.0,380.0,1036.0,,2007100000,2006100000,2007100000
22382,,4294.0,170.0,1054.0,,2005100000,2005100000,2004100000
22383,,925.0,930.0,581.0,,2007100000,2006100000,2007100000
22401,,1518.0,1900.0,666.0,,2008100000,2006100000,2007100000
22402,,6494.0,1740.0,1454.0,,2007100000,2006100000,2007100000
22421,,977.0,1670.0,549.0,,2003100000,2003100000,2002100000
22422,,4952.0,7320.0,2041.0,,2004100000,2004100000,2004100000
22423,,5492.0,8110.0,1848.0,,2004100000,2004100000,2004100000
22424,,8838.0,1320.0,2046.0,,2023100000,2006100000,2021100000
22425,,2440.0,4630.0,1321.0,,2004100000,2004100000,2004100000
22426,,611.0,1380.0,464.0,,2007100000,2006100000,2007100000
22427,,448.0,1500.0,485.0,,2004100000,2004100000,2004100000
22428,,285.0,540.0,244.0,,2004100000,2004100000,2004100000
22429,,496.0,1840.0,370.0,,2023100000,2006100000,2021100000
22442,,2672.0,4960.0,871.0,,2004100000,2004100000,2004100000
22444,,2493.0,6010.0,1846.0,,2003100000,2003100000,2002100000
22445,,2275.0,3490.0,727.0,,2004100000,2004100000,2004100000
22446,,5845.0,9000.0,1869.0,,2004100000,2004100000,2004100000
22447,,5963.0,4830.0,1364.0,,2004100000,2004100000,2004100000
22461,,4984.0,3830.0,945.0,,2023100000,2006100000,2021100000
22462,,531.0,1660.0,290.0,,2004100000,2004100000,2004100000
22481,,4003.0,4310.0,788.0,,2004100000,2004100000,2004100000
22482,,2321.0,1560.0,880.0,,2004100000,2004100000,2004100000
22483,,7959.0,1750.0,858.0,,2004100000,2004100000,2004100000
22484,,4099.0,2700.0,2042.0,,2004100000,2004100000,2004100000
22485,,5290.0,2540.0,451.0,,2004100000,2004100000,2004100000
22486,,104.0,100.0,47.0,,2004100000,2004100000,2004100000
22487,,278.0,210.0,280.0,,2004100000,2004100000,2004100000
22488,,226.0,60.0,200.0,,2004100000,2004100000,2004100000
22501,,4083.0,140.0,1145.0,,1990100000,1990100000,1988100000
22502,,680.0,100.0,627.0,,2004100000,2004100000,2004100000
22503,,2017.0,910.0,1161.0,,2009100000,2006100000,2007100000
22505,,1747.0,1300.0,748.0,,2004100000,2004100000,2004100000
22521,,4009.0,2850.0,1114.0,,2004100000,2004100000,2004100000
22522,,1692.0,3470.0,537.0,,2004100000,2004100000,2004100000
22523,,1020.0,12570.0,915.0,,2004100000,2004100000,2004100000
