code,city,area_type,nearest_road_m,road_bonus
11101,さいたま市西区,郊外住宅,466.0,1.3
11102,さいたま市北区,超都心,21.0,1.0
11103,さいたま市大宮区,超都心,553.0,1.0
11104,さいたま市見沼区,郊外住宅,1958.0,0.85
11105,さいたま市中央区,超都心,676.0,1.0
11106,さいたま市桜区,郊外住宅,124.0,1.3
11107,さいたま市浦和区,都心住宅,447.0,1.0
11108,さいたま市南区,都心住宅,583.0,1.0
11109,さいたま市緑区,郊外住宅,23.0,1.3
11110,さいたま市岩槻区,郊外住宅,198.0,1.3
11201,川越市,郊外住宅,824.0,1.15
11202,熊谷市,ロードサイド,156.0,1.3
11203,川口市,都心住宅,163.0,1.0
11206,行田市,ロードサイド,971.0,1.15
11207,秩父市,ロードサイド,769.0,1.15
11208,所沢市,郊外住宅,69.0,1.3
11209,飯能市,ロードサイド,2402.0,0.85
11210,加須市,ロードサイド,1092.0,0.85
11211,本庄市,ロードサイド,673.0,1.15
11212,東松山市,ロードサイド,356.0,1.3
11214,春日部市,郊外住宅,952.0,1.15
11215,狭山市,郊外住宅,877.0,1.15
11216,羽生市,ロードサイド,2476.0,0.85
11217,鴻巣市,ロードサイド,771.0,1.15
11218,深谷市,ロードサイド,1732.0,0.85
11219,上尾市,郊外住宅,1256.0,0.85
11221,草加市,都心住宅,199.0,1.0
11222,越谷市,都心住宅,657.0,1.0
11223,蕨市,都心住宅,606.0,1.0
11224,戸田市,都心住宅,668.0,1.0
11225,入間市,郊外住宅,693.0,1.15
11227,朝霞市,都心住宅,869.0,1.0
11228,志木市,都心住宅,1.0,1.0
11229,和光市,都心住宅,375.0,1.0
11230,新座市,郊外住宅,812.0,1.15
11231,桶川市,郊外住宅,1418.0,0.85
11232,久喜市,ロードサイド,2656.0,0.85
11233,北本市,郊外住宅,1442.0,0.85
11234,八潮市,郊外住宅,98.0,1.3
11235,富士見市,都心住宅,135.0,1.0
11237,三郷市,郊外住宅,506.0,1.15
11238,蓮田市,郊外住宅,140.0,1.3
11239,坂戸市,郊外住宅,401.0,1.3
11240,幸手市,ロードサイド,1599.0,0.85
11241,鶴ヶ島市,郊外住宅,246.0,1.3
11242,日高市,ロードサイド,207.0,1.3
11243,吉川市,郊外住宅,851.0,1.15
11245,ふじみ野市,郊外住宅,464.0,1.3
11246,白岡市,郊外住宅,2842.0,0.85
11301,伊奈町,郊外住宅,2296.0,0.85
11324,三芳町,郊外住宅,1092.0,0.85
11326,毛呂山町,ロードサイド,3589.0,0.85
11327,越生町,ロードサイド,6074.0,0.85
11341,滑川町,ロードサイド,3435.0,0.85
11342,嵐山町,ロードサイド,975.0,1.15
11343,小川町,ロードサイド,802.0,1.15
11346,川島町,ロードサイド,1683.0,0.85
11347,吉見町,ロードサイド,3522.0,0.85
11348,鳩山町,ロードサイド,5410.0,0.85
11349,ときがわ町,ロードサイド,6315.0,0.85
11361,横瀬町,ロードサイド,846.0,1.15
11362,皆野町,ロードサイド,1211.0,0.85
11363,長瀞町,ロードサイド,605.0,1.15
11365,小鹿野町,ロードサイド,1250.0,0.85
11369,東秩父村,ロードサイド,4987.0,0.85
11381,美里町,ロードサイド,632.0,1.15
11383,神川町,ロードサイド,121.0,1.3
11385,上里町,ロードサイド,1283.0,0.85
11408,寄居町,ロードサイド,746.0,1.15
11442,宮代町,郊外住宅,1465.0,0.85
11464,杉戸町,ロードサイド,1660.0,0.85
11465,松伏町,ロードサイド,1017.0,0.85
12101,千葉市中央区,郊外住宅,385.0,1.3
12102,千葉市花見川区,都心住宅,2760.0,1.0
12103,千葉市稲毛区,都心住宅,437.0,1.0
12104,千葉市若葉区,ロードサイド,903.0,1.15
12105,千葉市緑区,ロードサイド,4105.0,0.85
12106,千葉市美浜区,都心住宅,1300.0,1.0
12202,銚子市,ロードサイド,933.0,1.15
12203,市川市,都心住宅,179.0,1.0
12204,船橋市,都心住宅,2622.0,1.0
12205,館山市,ロードサイド,23154.0,0.85
12206,木更津市,ロードサイド,2045.0,0.85
12207,松戸市,超都心,1541.0,1.0
12208,野田市,ロードサイド,346.0,1.3
12210,茂原市,ロードサイド,399.0,1.3
12211,成田市,ロードサイド,1357.0,0.85
12212,佐倉市,ロードサイド,910.0,1.15
12213,東金市,ロードサイド,671.0,1.15
12215,旭市,ロードサイド,963.0,1.15
12216,習志野市,超都心,967.0,1.0
12217,柏市,郊外住宅,707.0,1.15
12218,勝浦市,ロードサイド,2550.0,0.85
12219,市原市,ロードサイド,1621.0,0.85
12220,流山市,都心住宅,129.0,1.0
12221,八千代市,郊外住宅,1440.0,0.85
12222,我孫子市,郊外住宅,96.0,1.3
12223,鴨川市,ロードサイド,8451.0,0.85
12224,鎌ケ谷市,都心住宅,37.0,1.0
12225,君津市,ロードサイド,1854.0,0.85
12226,富津市,ロードサイド,849.0,1.15
12227,浦安市,超都心,466.0,1.0
12228,四街道市,郊外住宅,2605.0,0.85
12229,袖ケ浦市,ロードサイド,3286.0,0.85
12230,八街市,ロードサイド,2028.0,0.85
12231,印西市,ロードサイド,13.0,1.3
12232,白井市,ロードサイド,447.0,1.3
12233,富里市,ロードサイド,1129.0,0.85
12234,南房総市,ロードサイド,17457.0,0.85
12235,匝瑳市,ロードサイド,154.0,1.3
12236,香取市,ロードサイド,4566.0,0.85
12237,山武市,ロードサイド,1354.0,0.85
12238,いすみ市,ロードサイド,1219.0,0.85
12239,大網白里市,ロードサイド,1740.0,0.85
12322,酒々井町,ロードサイド,622.0,1.15
12329,栄町,ロードサイド,589.0,1.15
12342,神崎町,ロードサイド,1176.0,0.85
12347,多古町,ロードサイド,2637.0,0.85
12349,東庄町,ロードサイド,2593.0,0.85
12403,九十九里町,ロードサイド,6314.0,0.85
12409,芝山町,ロードサイド,1564.0,0.85
12410,横芝光町,ロードサイド,521.0,1.15
12421,一宮町,ロードサイド,188.0,1.3
12422,睦沢町,ロードサイド,4876.0,0.85
12423,長生村,ロードサイド,2186.0,0.85
12424,白子町,ロードサイド,6883.0,0.85
12426,長柄町,ロードサイド,4768.0,0.85
12427,長南町,ロードサイド,2383.0,0.85
12441,大多喜町,ロードサイド,691.0,1.15
12443,御宿町,ロードサイド,1607.0,0.85
12463,鋸南町,ロードサイド,6970.0,0.85
12801,市川市・船橋市境界地先の土地,ロードサイド,2118.0,0.85
13101,千代田区,都心住宅,469.0,1.0
13102,中央区,超都心,116.0,1.0
13103,港区,超都心,422.0,1.0
13104,新宿区,超都心,77.0,1.0
13105,文京区,超都心,385.0,1.0
13106,台東区,超都心,394.0,1.0
13107,墨田区,超都心,617.0,1.0
13108,江東区,超都心,317.0,1.0
13109,品川区,超都心,762.0,1.0
13110,目黒区,超都心,454.0,1.0
13111,大田区,超都心,190.0,1.0
13112,世田谷区,超都心,35.0,1.0
13113,渋谷区,超都心,669.0,1.0
13114,中野区,超都心,111.0,1.0
13115,杉並区,超都心,686.0,1.0
13116,豊島区,超都心,119.0,1.0
13117,北区,超都心,226.0,1.0
13118,荒川区,超都心,208.0,1.0
13119,板橋区,超都心,242.0,1.0
13120,練馬区,超都心,110.0,1.0
13121,足立区,超都心,34.0,1.0
13122,葛飾区,超都心,28.0,1.0
13123,江戸川区,都心住宅,621.0,1.0
13201,八王子市,郊外住宅,392.0,1.3
13202,立川市,都心住宅,244.0,1.0
13203,武蔵野市,超都心,93.0,1.0
13204,三鷹市,都心住宅,384.0,1.0
13205,青梅市,ロードサイド,1189.0,0.85
13206,府中市,超都心,43.0,1.0
13207,昭島市,都心住宅,781.0,1.0
13208,調布市,超都心,486.0,1.0
13209,町田市,都心住宅,506.0,1.0
13210,小金井市,都心住宅,348.0,1.0
13211,小平市,超都心,357.0,1.0
13212,日野市,都心住宅,292.0,1.0
13213,東村山市,超都心,476.0,1.0
13214,国分寺市,超都心,23.0,1.0
13215,国立市,超都心,961.0,1.0
13218,福生市,都心住宅,272.0,1.0
13219,狛江市,超都心,20.0,1.0
13220,東大和市,都心住宅,23.0,1.0
13221,清瀬市,郊外住宅,67.0,1.3
13222,東久留米市,郊外住宅,395.0,1.3
13223,武蔵村山市,郊外住宅,86.0,1.3
13224,多摩市,都心住宅,231.0,1.0
13225,稲城市,都心住宅,11.0,1.0
13227,羽村市,都心住宅,528.0,1.0
13228,あきる野市,ロードサイド,165.0,1.3
13229,西東京市,超都心,305.0,1.0
13303,瑞穂町,ロードサイド,139.0,1.3
13305,日の出町,ロードサイド,1528.0,0.85
13307,檜原村,ロードサイド,2504.0,0.85
13308,奥多摩町,ロードサイド,3139.0,0.85
13361,大島町,ロードサイド,48913.0,0.85
13362,利島村,ロードサイド,68020.0,0.85
13363,新島村,ロードサイド,84024.0,0.85
13364,神津島村,ロードサイド,100101.0,0.85
13381,三宅村,ロードサイド,117306.0,0.85
13382,御蔵島村,ロードサイド,140292.0,0.85
13401,八丈町,ロードサイド,225978.0,0.85
13402,青ヶ島村,ロードサイド,297781.0,0.85
13421,小笠原村,ロードサイド,998191.0,0.85
13801,鳥島,ロードサイド,518343.0,0.85
13802,ベヨネース列岩,ロードサイド,361733.0,0.85
13803,須美寿島,ロードサイド,412359.0,0.85
13804,孀婦岩,ロードサイド,594876.0,0.85
13805,荒川河口部,ロードサイド,246.0,1.3
13807,中央防波堤外側廃棄物処理場（中潮橋南側）,ロードサイド,4360.0,0.85
13808,所属未定地,ロードサイド,4464.0,0.85
14101,横浜市鶴見区,超都心,194.0,1.0
14102,横浜市神奈川区,超都心,540.0,1.0
14103,横浜市西区,超都心,20.0,1.0
14104,横浜市中区,都心住宅,492.0,1.0
14105,横浜市南区,超都心,285.0,1.0
14106,横浜市保土ケ谷区,都心住宅,692.0,1.0
14107,横浜市磯子区,超都心,42.0,1.0
14108,横浜市金沢区,都心住宅,127.0,1.0
14109,横浜市港北区,超都心,929.0,1.0
14110,横浜市戸塚区,都心住宅,234.0,1.0
14111,横浜市港南区,超都心,420.0,1.0
14112,横浜市旭区,都心住宅,730.0,1.0
14113,横浜市緑区,都心住宅,1525.0,1.0
14114,横浜市瀬谷区,都心住宅,279.0,1.0
14115,横浜市栄区,郊外住宅,195.0,1.3
14116,横浜市泉区,都心住宅,627.0,1.0
14117,横浜市青葉区,都心住宅,99.0,1.0
14118,横浜市都筑区,都心住宅,433.0,1.0
14131,川崎市川崎区,都心住宅,1025.0,1.0
14132,川崎市幸区,超都心,445.0,1.0
14133,川崎市中原区,超都心,264.0,1.0
14134,川崎市高津区,超都心,4.0,1.0
14135,川崎市多摩区,超都心,124.0,1.0
14136,川崎市宮前区,都心住宅,79.0,1.0
14137,川崎市麻生区,都心住宅,113.0,1.0
14151,相模原市緑区,ロードサイド,643.0,1.15
14152,相模原市中央区,都心住宅,525.0,1.0
14153,相模原市南区,都心住宅,1233.0,1.0
14201,横須賀市,郊外住宅,432.0,1.3
14203,平塚市,郊外住宅,469.0,1.3
14204,鎌倉市,郊外住宅,990.0,1.15
14205,藤沢市,都心住宅,541.0,1.0
14206,小田原市,ロードサイド,17.0,1.3
14207,茅ヶ崎市,郊外住宅,646.0,1.15
14208,逗子市,郊外住宅,298.0,1.3
14210,三浦市,ロードサイド,34.0,1.3
14211,秦野市,ロードサイド,1318.0,0.85
14212,厚木市,郊外住宅,495.0,1.3
14213,大和市,超都心,589.0,1.0
14214,伊勢原市,ロードサイド,1066.0,0.85
14215,海老名市,都心住宅,800.0,1.0
14216,座間市,都心住宅,240.0,1.0
14217,南足柄市,ロードサイド,2258.0,0.85
14218,綾瀬市,郊外住宅,402.0,1.3
14301,葉山町,ロードサイド,546.0,1.15
14321,寒川町,郊外住宅,140.0,1.3
14341,大磯町,ロードサイド,781.0,1.15
14342,二宮町,郊外住宅,71.0,1.3
14361,中井町,ロードサイド,403.0,1.3
14362,大井町,ロードサイド,641.0,1.15
14363,松田町,ロードサイド,3614.0,0.85
14364,山北町,ロードサイド,240.0,1.3
14366,開成町,郊外住宅,527.0,1.15
14382,箱根町,ロードサイド,1520.0,0.85
14383,真鶴町,ロードサイド,361.0,1.3
14384,湯河原町,ロードサイド,663.0,1.15
14401,愛川町,ロードサイド,133.0,1.3
14402,清川村,ロードサイド,675.0,1.15
