code,city,pref,area_type,trade_radius_km,total_pop,women_40plus,residential_ratio,pop_density,station_density,nearest_station_m,nearest_road_m,station_bonus,road_bonus,location_bonus,comp_in_radius,comp_penalty,barrier_factor,border_bonus,base_score,score_v2,score_v3,score_v4,rank_v3,rank_v4,rank_chg
13209,町田市,東京都,都心住宅,2.0,431079,139598,0.2111,6026.0958,0.1398,2456.0,506.0,1.0,1.0,1.0,0,1.0,1.0,1.1,2345.0795,11.0,11.0,100.0,14.0,1.0,13
13109,品川区,東京都,超都心,1.0,422488,114887,0.0483,18533.9667,1.4915,258.0,762.0,1.3,1.0,1.3,1,0.85,1.0,1.0,1766.315,1.4,1.2,75.7,61.0,2.0,59
14135,川崎市多摩区,神奈川,超都心,1.0,221734,57853,0.091,10822.1443,0.4393,874.0,124.0,1.0,1.0,1.0,0,1.0,1.0,1.0,1675.7815,0.6,0.5,65.0,103.0,3.0,100
13201,八王子市,東京都,郊外住宅,3.0,579355,177905,0.4906,3109.0103,0.1234,1992.0,392.0,1.0,1.3,1.3,5,0.3,1.3,1.0,3086.9054,34.9,29.0,60.7,5.0,4.0,1
13113,渋谷区,東京都,超都心,1.0,243883,65881,0.0879,16161.6477,1.723,573.0,669.0,1.0,1.0,1.0,1,0.85,1.0,1.0,1843.3134,0.6,0.4,60.7,111.0,4.0,107
14109,横浜市港北区,神奈川,超都心,1.0,358530,99498,0.0575,11421.5033,0.5416,933.0,929.0,1.0,1.0,1.0,1,0.85,1.0,1.0,1821.0938,0.8,0.6,60.0,94.0,6.0,88
12207,松戸市,千葉県,超都心,1.0,498232,153533,0.0298,8121.8909,0.3749,716.0,1541.0,1.0,1.0,1.0,0,1.0,1.0,1.0,1456.3579,0.4,0.4,56.5,111.0,7.0,104
13120,練馬区,東京都,超都心,1.0,752608,217417,0.0204,15649.1001,0.4367,778.0,110.0,1.0,1.0,1.0,0,1.0,1.0,1.0,1411.802,0.7,0.6,54.7,94.0,8.0,86
13112,世田谷区,東京都,超都心,1.0,943664,289020,0.0153,16251.1304,0.6889,1132.0,35.0,1.0,1.0,1.0,0,1.0,1.0,1.0,1407.5682,0.3,0.2,54.6,137.0,9.0,128
13103,港区,東京都,超都心,1.0,260486,76170,0.0483,12694.3017,1.9493,456.0,422.0,1.15,1.0,1.15,0,1.0,1.0,1.0,1171.0656,1.2,1.2,52.2,61.0,10.0,51
14212,厚木市,神奈川,郊外住宅,3.0,223705,67054,0.299,2384.8928,0.0213,4428.0,495.0,1.0,1.3,1.3,0,1.0,1.3,1.0,709.0935,8.2,8.2,46.5,20.0,11.0,9
14151,相模原市緑区,神奈川,ロードサイド,5.0,170207,53283,0.7538,670.4639,0.0158,5283.0,643.0,1.0,1.15,1.15,0,1.0,1.95,1.0,511.3932,66.9,66.9,44.5,2.0,12.0,-10
14101,横浜市鶴見区,神奈川,超都心,1.0,297437,81465,0.0483,8956.0363,0.3914,185.0,194.0,1.3,1.0,1.3,2,0.7,1.0,1.0,1252.4728,1.7,1.7,44.2,49.0,13.0,36
14213,大和市,神奈川,超都心,1.0,239169,71285,0.0566,8837.6257,0.3695,615.0,589.0,1.0,1.0,1.0,1,0.85,1.0,1.0,1284.2948,0.4,0.3,42.3,122.0,14.0,108
13206,府中市,東京都,超都心,1.0,262790,75736,0.0483,8926.8952,0.5095,268.0,43.0,1.3,1.0,1.3,2,0.7,1.0,1.0,1164.3931,0.3,0.3,41.1,122.0,15.0,107
13104,新宿区,東京都,超都心,1.0,349385,89531,0.0315,19173.1114,2.2499,263.0,77.0,1.3,1.0,1.3,1,0.85,1.0,1.0,897.706,0.3,0.2,38.5,137.0,16.0,121
14111,横浜市港南区,神奈川,超都心,1.0,215248,71969,0.0508,10818.0175,0.3016,965.0,420.0,1.0,1.0,1.0,1,0.85,1.0,1.0,1163.749,1.0,0.7,38.3,83.0,17.0,66
13119,板橋区,東京都,超都心,1.0,584483,167395,0.0178,18153.5375,0.6212,1011.0,242.0,1.0,1.0,1.0,0,1.0,1.0,1.0,948.446,0.3,0.3,36.8,122.0,18.0,104
13213,東村山市,東京都,超都心,1.0,151815,49283,0.0544,8868.5804,0.5258,607.0,476.0,1.0,1.0,1.0,1,0.85,1.3,1.0,853.3873,0.5,0.3,36.6,122.0,19.0,103
14102,横浜市神奈川区,神奈川,超都心,1.0,247267,69614,0.0483,10428.3252,0.6326,931.0,540.0,1.0,1.0,1.0,1,0.85,1.0,1.0,1070.2712,1.0,1.0,35.3,74.0,20.0,54
14107,横浜市磯子区,神奈川,超都心,1.0,166731,53337,0.0483,8761.3409,0.3678,397.0,42.0,1.15,1.0,1.15,1,0.85,1.0,1.0,820.0226,0.5,0.4,31.1,111.0,21.0,90
13123,江戸川区,東京都,都心住宅,2.0,697932,196319,0.0483,14302.9038,0.2254,976.0,621.0,1.0,1.0,1.0,0,1.0,1.0,1.0,754.5701,4.1,4.1,29.3,33.0,22.0,11
13105,文京区,東京都,超都心,1.0,240069,65229,0.0513,21278.8214,1.7727,634.0,385.0,1.0,1.0,1.0,2,0.7,1.0,1.0,1065.1437,0.4,0.2,28.9,137.0,23.0,114
14113,横浜市緑区,神奈川,都心住宅,2.0,183082,56458,0.1823,7168.9169,0.2741,1203.0,1525.0,1.0,1.0,1.0,1,0.85,1.0,1.0,819.0347,1.5,1.2,27.0,61.0,24.0,37
14112,横浜市旭区,神奈川,都心住宅,2.0,245174,82613,0.1436,7495.2046,0.1223,1508.0,730.0,1.0,1.0,1.0,2,0.7,1.0,1.0,944.0456,1.9,1.6,25.6,52.0,25.0,27
13115,杉並区,東京都,超都心,1.0,591108,167260,0.0135,17356.581,0.5579,959.0,686.0,1.0,1.0,1.0,1,0.85,1.0,1.0,718.7469,0.3,0.2,23.7,137.0,26.0,111
12212,佐倉市,千葉県,ロードサイド,5.0,168743,58365,1.0,1627.1045,0.1157,1222.0,910.0,1.0,1.15,1.15,2,0.7,1.0,1.0,743.1263,21.5,21.5,23.2,8.0,27.0,-19
14137,川崎市麻生区,神奈川,都心住宅,2.0,180705,56112,0.1957,7782.3124,0.3445,482.0,113.0,1.15,1.0,1.15,4,0.4,1.3,1.1,873.8496,1.4,1.0,22.3,74.0,28.0,46
14110,横浜市戸塚区,神奈川,都心住宅,2.0,283709,89057,0.1264,7916.9853,0.1116,404.0,234.0,1.15,1.0,1.15,3,0.55,1.0,1.0,895.7881,0.6,0.3,22.0,122.0,29.0,93
13208,調布市,東京都,超都心,1.0,242614,70497,0.0354,11236.0126,0.4168,868.0,486.0,1.0,1.0,1.0,2,0.7,1.0,1.0,794.3722,0.3,0.2,21.6,137.0,30.0,107
13205,青梅市,東京都,ロードサイド,5.0,133535,45637,0.6574,1293.4124,0.1162,1705.0,1189.0,1.0,0.85,0.85,1,0.85,1.95,1.0,381.9943,61.8,61.8,20.9,3.0,31.0,-28
11207,秩父市,埼玉県,ロードサイド,5.0,59674,21143,0.8874,103.2635,0.019,4114.0,769.0,1.0,1.15,1.15,0,1.0,1.95,1.0,238.889,100.0,100.0,20.8,1.0,32.0,-31
14205,藤沢市,神奈川,都心住宅,2.0,436905,135836,0.0483,6275.9985,0.2873,1424.0,541.0,1.0,1.0,1.0,0,1.0,1.0,1.0,522.0981,3.7,3.7,20.2,36.0,33.0,3
14117,横浜市青葉区,神奈川,都心住宅,2.0,310756,97611,0.0914,8818.5996,0.2838,1752.0,99.0,1.0,1.0,1.0,3,0.55,1.3,1.0,709.962,1.7,1.4,19.7,55.0,34.0,21
13212,日野市,東京都,都心住宅,2.0,190435,55844,0.0954,6919.2397,0.436,1138.0,292.0,1.0,1.0,1.0,1,0.85,1.3,1.0,423.9504,1.4,1.2,18.2,61.0,35.0,26
13224,多摩市,東京都,都心住宅,2.0,146951,48929,0.1377,6988.867,0.3329,761.0,231.0,1.0,1.0,1.0,1,0.85,1.0,1.0,536.1551,0.7,0.6,17.7,94.0,36.0,58
11209,飯能市,埼玉県,ロードサイド,5.0,80361,26685,0.798,416.3139,0.0363,2331.0,2402.0,1.0,0.85,0.85,0,1.0,1.95,1.0,271.1317,51.4,51.4,17.4,4.0,37.0,-33
14153,相模原市南区,神奈川,都心住宅,2.0,281411,85875,0.077,7390.5503,0.1838,1941.0,1233.0,1.0,1.0,1.0,1,0.85,1.0,1.0,526.1961,1.5,1.2,17.3,61.0,38.0,23
12203,市川市,千葉県,都心住宅,2.0,496676,138996,0.0483,8729.1741,0.2988,446.0,179.0,1.15,1.0,1.15,2,0.7,1.0,1.0,534.2439,2.1,2.1,16.7,45.0,39.0,6
14105,横浜市南区,神奈川,超都心,1.0,198157,61651,0.0307,15670.0308,0.6326,570.0,285.0,1.0,1.0,1.0,2,0.7,1.0,1.0,602.4606,0.1,0.1,16.3,155.0,40.0,115
13228,あきる野市,東京都,ロードサイド,5.0,79292,25563,0.6309,1079.5151,0.0681,261.0,165.0,1.0,1.3,1.3,0,1.0,1.5,1.0,205.3442,15.3,15.3,15.5,11.0,41.0,-30
13110,目黒区,東京都,超都心,1.0,288088,86554,0.0157,19584.2609,0.6798,291.0,454.0,1.3,1.0,1.3,2,0.7,1.0,1.0,432.5506,0.1,0.1,15.3,155.0,42.0,113
13211,小平市,東京都,超都心,1.0,198739,58570,0.0209,9679.2957,0.3409,588.0,357.0,1.0,1.0,1.0,0,1.0,1.0,1.0,389.6473,0.2,0.1,15.1,155.0,43.0,112
14106,横浜市保土ケ谷区,神奈川,都心住宅,2.0,207811,65414,0.1029,9474.9448,0.2736,737.0,692.0,1.0,1.0,1.0,2,0.7,1.0,1.0,535.644,0.6,0.5,14.5,103.0,44.0,59
13117,北区,東京都,超都心,1.0,355213,105032,0.0147,17237.0669,0.9705,290.0,226.0,1.3,1.0,1.3,3,0.55,1.0,1.0,491.461,0.1,0.1,13.6,155.0,45.0,110
12102,千葉市花見川区,千葉県,都心住宅,2.0,177328,56324,0.0757,5184.8394,0.1754,2389.0,2760.0,1.0,1.0,1.0,0,1.0,1.0,1.0,339.2966,1.2,1.2,13.2,61.0,46.0,15
13106,台東区,東京都,超都心,1.0,211444,60602,0.0207,20888.2588,2.2721,538.0,394.0,1.0,1.0,1.0,1,0.85,1.0,1.0,399.3075,0.1,0.1,13.2,155.0,46.0,109
13229,西東京市,東京都,超都心,1.0,207388,63900,0.0166,13139.3029,0.3168,897.0,305.0,1.0,1.0,1.0,1,0.85,1.0,1.0,337.644,0.1,0.1,11.1,155.0,48.0,107
13220,東大和市,東京都,都心住宅,2.0,83901,27150,0.1818,6261.8327,0.2985,1091.0,23.0,1.0,1.0,1.0,3,0.55,1.3,1.0,392.7841,1.7,1.4,10.9,55.0,49.0,6
14134,川崎市高津区,神奈川,超都心,1.0,234328,63863,0.0454,14309.0795,0.4275,832.0,4.0,1.0,1.0,1.0,5,0.3,1.0,1.0,922.9014,0.4,0.1,10.7,155.0,50.0,105
14136,川崎市宮前区,神奈川,都心住宅,2.0,233728,68417,0.0506,12568.8359,0.1613,354.0,79.0,1.15,1.0,1.15,1,0.85,1.0,1.0,275.4893,0.8,0.7,10.4,83.0,51.0,32
13214,国分寺市,東京都,超都心,1.0,129242,37172,0.0264,11305.7109,0.3499,692.0,23.0,1.0,1.0,1.0,1,0.85,1.0,1.0,312.3705,0.2,0.1,10.3,155.0,52.0,103
11225,入間市,埼玉県,郊外住宅,3.0,145651,48096,0.1723,3259.6448,0.1119,2291.0,693.0,1.0,1.15,1.15,2,0.7,1.0,1.0,293.0906,3.0,3.0,9.1,41.0,53.0,-12
12210,茂原市,千葉県,ロードサイド,5.0,86782,30199,1.0,868.9393,0.03,150.0,399.0,1.0,1.3,1.3,4,0.4,1.0,1.0,384.5056,10.5,10.5,7.8,16.0,54.0,-38
12104,千葉市若葉区,千葉県,ロードサイド,5.0,146940,47846,0.2749,1745.6859,0.0832,2000.0,903.0,1.0,1.15,1.15,0,1.0,1.0,1.0,167.4675,3.9,3.9,7.5,34.0,55.0,-21
12106,千葉市美浜区,千葉県,都心住宅,2.0,148944,50266,0.0483,7028.3496,0.1888,467.0,1300.0,1.15,1.0,1.15,1,0.85,1.0,1.0,193.202,0.8,0.8,7.3,78.0,56.0,22
14211,秦野市,神奈川,ロードサイド,5.0,162439,52231,0.5515,1566.6262,0.0386,3335.0,1318.0,1.0,0.85,0.85,4,0.4,1.5,1.0,366.7617,13.7,11.4,7.3,13.0,56.0,-43
12237,山武市,千葉県,ロードサイド,5.0,48444,17489,1.0,329.9676,0.0204,1945.0,1354.0,1.0,0.85,0.85,0,1.0,1.0,1.0,222.6769,11.9,11.9,7.3,12.0,56.0,-44
13107,墨田区,東京都,超都心,1.0,272085,78582,0.0114,19642.5462,1.1551,304.0,617.0,1.15,1.0,1.15,3,0.55,1.0,1.0,285.1531,0.1,0.0,7.0,185.0,59.0,126
14108,横浜市金沢区,神奈川,都心住宅,2.0,198939,66078,0.0483,6429.0669,0.5817,667.0,127.0,1.0,1.0,1.0,2,0.7,1.0,1.0,253.9769,0.4,0.3,6.9,122.0,60.0,62
14116,横浜市泉区,神奈川,都心住宅,2.0,152378,50898,0.0602,6473.9916,0.3824,716.0,627.0,1.0,1.0,1.0,2,0.7,1.0,1.0,243.8301,0.4,0.2,6.6,137.0,61.0,76
14217,南足柄市,神奈川,ロードサイド,5.0,40841,14247,0.7218,529.7588,0.0778,3175.0,2258.0,1.0,0.85,0.85,0,1.0,1.5,1.0,130.9334,22.0,22.0,6.5,7.0,62.0,-55
11203,川口市,埼玉県,都心住宅,2.0,594274,174900,0.0123,9601.83,0.1454,377.0,163.0,1.15,1.0,1.15,1,0.85,1.0,1.0,171.1926,0.3,0.2,6.5,137.0,62.0,75
13204,三鷹市,東京都,都心住宅,2.0,195391,57293,0.0529,11899.1568,0.1218,1999.0,384.0,1.0,1.0,1.0,2,0.7,1.0,1.0,241.1834,0.2,0.2,6.5,137.0,62.0,75
14201,横須賀市,神奈川,郊外住宅,3.0,388078,132786,0.0483,3849.1971,0.2083,843.0,432.0,1.0,1.3,1.3,3,0.55,1.0,1.0,226.8334,6.4,6.4,6.3,22.0,65.0,-43
11208,所沢市,埼玉県,郊外住宅,3.0,342464,99067,0.1148,4752.3413,0.1526,716.0,69.0,1.0,1.3,1.3,5,0.3,1.0,1.0,402.2338,0.6,0.4,6.1,111.0,66.0,45
12224,鎌ケ谷市,千葉県,都心住宅,2.0,109932,35396,0.0615,5210.9181,0.3792,173.0,37.0,1.3,1.0,1.3,2,0.7,1.0,1.0,173.2285,0.1,0.1,6.1,155.0,66.0,89
12220,流山市,千葉県,都心住宅,2.0,199849,56252,0.0609,5655.9959,0.3113,1006.0,129.0,1.0,1.0,1.0,3,0.55,1.0,1.0,272.6123,0.5,0.4,5.8,111.0,68.0,43
14118,横浜市都筑区,神奈川,都心住宅,2.0,213132,62311,0.0742,7648.4695,0.3589,627.0,433.0,1.0,1.0,1.0,4,0.4,1.0,1.0,367.9245,0.6,0.4,5.7,111.0,69.0,42
12221,八千代市,千葉県,郊外住宅,3.0,199498,62224,0.0911,3881.6569,0.1362,1264.0,1440.0,1.0,0.85,0.85,1,0.85,1.0,1.0,200.4859,1.4,1.2,5.6,61.0,70.0,-9
13102,中央区,東京都,超都心,1.0,169179,48456,0.0103,16513.3241,3.6115,293.0,116.0,1.3,1.0,1.3,2,0.7,1.0,1.0,158.8674,0.1,0.0,5.6,185.0,70.0,115
13203,武蔵野市,東京都,超都心,1.0,150149,44501,0.0143,13786.8765,0.4591,606.0,93.0,1.0,1.0,1.0,2,0.7,1.0,1.0,202.561,0.1,0.0,5.5,185.0,72.0,113
14384,湯河原町,神奈川,ロードサイド,5.0,23426,9654,0.7546,571.3524,0.0244,3060.0,663.0,1.0,1.15,1.15,1,0.85,1.5,1.0,92.7543,27.5,27.5,5.3,6.0,73.0,-67
12217,柏市,千葉県,郊外住宅,3.0,426468,130132,0.0815,3716.8284,0.0959,1800.0,707.0,1.0,1.15,1.15,9,0.3,1.0,1.0,375.102,2.5,2.1,5.0,45.0,74.0,-29
11343,小川町,埼玉県,ロードサイド,5.0,28524,10603,0.6178,472.6416,0.0663,1187.0,802.0,1.0,1.15,1.15,0,1.0,1.3,1.0,83.404,10.4,10.4,4.8,17.0,75.0,-58
14103,横浜市西区,神奈川,超都心,1.0,104935,29581,0.0179,14930.8987,1.5652,82.0,20.0,1.3,1.0,1.3,3,0.55,1.0,1.0,168.5451,0.1,0.0,4.7,185.0,76.0,109
11242,日高市,埼玉県,ロードサイド,5.0,54571,18375,0.3022,1149.3916,0.0842,120.0,207.0,1.0,1.3,1.3,0,1.0,1.3,1.0,70.702,3.3,3.3,4.6,37.0,77.0,-40
12211,成田市,千葉県,ロードサイド,5.0,132906,37854,0.2204,621.4651,0.0608,2524.0,1357.0,1.0,0.85,0.85,0,1.0,1.3,1.0,106.2267,4.5,4.5,4.6,31.0,77.0,-46
11215,狭山市,埼玉県,郊外住宅,3.0,148699,49815,0.0827,3038.2498,0.0817,702.0,877.0,1.0,1.15,1.15,2,0.7,1.0,1.0,145.7046,0.3,0.2,4.5,137.0,79.0,58
14216,座間市,神奈川,都心住宅,2.0,132325,41074,0.0483,7542.1176,0.171,1128.0,240.0,1.0,1.0,1.0,2,0.7,1.0,1.0,157.8717,0.3,0.3,4.3,122.0,80.0,42
14115,横浜市栄区,神奈川,郊外住宅,3.0,120194,40928,0.1909,6499.2479,0.0541,863.0,195.0,1.0,1.3,1.3,6,0.3,1.0,1.0,276.3338,0.5,0.4,4.2,111.0,81.0,30
14133,川崎市中原区,神奈川,超都心,1.0,263683,65546,0.0092,17906.1029,0.6112,625.0,264.0,1.0,1.0,1.0,3,0.55,1.0,1.0,191.9482,0.1,0.0,4.1,185.0,82.0,103
12231,印西市,千葉県,ロードサイド,5.0,102609,30122,0.1876,828.8435,0.0404,1373.0,13.0,1.0,1.3,1.3,1,0.85,1.3,1.0,71.9493,4.7,4.7,4.0,28.0,83.0,-55
12216,習志野市,千葉県,超都心,1.0,176197,52198,0.006,8417.1907,0.3344,897.0,967.0,1.0,1.0,1.0,0,1.0,1.0,1.0,99.6908,0.1,0.0,3.9,185.0,84.0,101
14401,愛川町,神奈川,ロードサイド,5.0,39869,12595,0.4384,1163.9802,0.0584,4668.0,133.0,1.0,1.3,1.3,1,0.85,1.3,1.0,70.3038,2.6,2.6,3.9,43.0,84.0,-41
13210,小金井市,東京都,都心住宅,2.0,126074,35256,0.036,11141.2559,0.2651,385.0,348.0,1.15,1.0,1.15,1,0.85,1.0,1.0,101.001,0.1,0.1,3.8,155.0,86.0,69
11211,本庄市,埼玉県,ロードサイド,5.0,78569,25392,0.2879,875.9762,0.0334,1179.0,673.0,1.0,1.15,1.15,2,0.7,1.3,1.0,93.0784,5.5,4.6,3.8,30.0,86.0,-56
13114,中野区,東京都,超都心,1.0,344880,90418,0.0061,22078.6379,0.8963,632.0,111.0,1.0,1.0,1.0,3,0.55,1.0,1.0,175.5638,0.0,0.0,3.7,185.0,88.0,97
13305,日の出町,東京都,ロードサイド,5.0,16958,6006,0.7235,604.1422,0.0,2930.0,1528.0,1.0,0.85,0.85,0,1.0,1.95,1.0,55.3266,9.7,9.7,3.6,18.0,89.0,-71
14152,相模原市中央区,神奈川,都心住宅,2.0,273875,81624,0.0483,7428.7624,0.1627,617.0,525.0,1.0,1.0,1.0,5,0.3,1.0,1.0,313.7293,0.7,0.7,3.6,83.0,89.0,-6
14114,横浜市瀬谷区,神奈川,都心住宅,2.0,122623,40326,0.0703,7132.3093,0.1163,532.0,279.0,1.0,1.0,1.0,4,0.4,1.0,1.0,225.5956,0.2,0.1,3.5,155.0,91.0,64
14132,川崎市幸区,神奈川,超都心,1.0,171119,47969,0.0085,17141.3441,0.4007,666.0,445.0,1.0,1.0,1.0,2,0.7,1.0,1.0,129.7866,0.0,0.0,3.5,185.0,91.0,94
11408,寄居町,埼玉県,ロードサイド,5.0,32374,11300,0.4189,503.7499,0.14,626.0,746.0,1.0,1.15,1.15,0,1.0,1.3,1.0,60.2697,1.7,1.7,3.5,49.0,91.0,-42
14342,二宮町,神奈川,郊外住宅,3.0,27564,10087,0.224,3037.417,0.1102,1253.0,71.0,1.0,1.3,1.3,1,0.85,1.0,1.0,79.913,1.1,0.8,3.4,78.0,94.0,-16
12228,四街道市,千葉県,郊外住宅,3.0,93576,29635,0.1735,2712.232,0.058,1556.0,2605.0,1.0,0.85,0.85,3,0.55,1.0,1.0,181.8495,0.9,0.8,3.3,78.0,95.0,-17
14364,山北町,神奈川,ロードサイド,5.0,9761,3672,0.9139,43.457,0.0134,6602.0,240.0,1.0,1.3,1.3,0,1.0,1.5,1.0,42.7279,10.6,10.6,3.2,15.0,96.0,-81
13207,昭島市,東京都,都心住宅,2.0,113949,35578,0.0421,6562.8826,0.1728,703.0,781.0,1.0,1.0,1.0,2,0.7,1.0,1.0,119.1938,0.1,0.1,3.2,155.0,96.0,59
11227,朝霞市,埼玉県,都心住宅,2.0,141083,39419,0.0262,7707.7269,0.1639,1119.0,869.0,1.0,1.0,1.0,0,1.0,1.0,1.0,82.1858,0.2,0.2,3.2,137.0,96.0,41
13116,豊島区,東京都,超都心,1.0,301599,80453,0.008,23120.2218,2.2998,142.0,119.0,1.3,1.0,1.3,7,0.3,1.0,1.0,204.8719,0.0,0.0,3.1,185.0,99.0,86
13101,千代田区,東京都,都心住宅,2.0,66680,17789,0.1201,5824.955,4.7173,451.0,469.0,1.15,1.0,1.15,9,0.3,1.3,1.0,170.014,0.4,0.3,3.0,122.0,100.0,22
11365,小鹿野町,埼玉県,ロードサイド,5.0,10928,4084,0.8688,63.8056,0.0,8169.0,1250.0,1.0,0.85,0.85,0,1.0,1.95,1.0,45.1768,20.1,20.1,2.9,9.0,101.0,-92
13223,武蔵村山市,東京都,郊外住宅,3.0,70829,21929,0.1361,4607.8932,0.0,2496.0,86.0,1.0,1.3,1.3,3,0.55,1.0,1.0,105.5564,1.0,0.7,2.9,83.0,101.0,-18
14218,綾瀬市,神奈川,郊外住宅,3.0,83913,25738,0.0713,3788.8798,0.0,3196.0,402.0,1.0,1.3,1.3,1,0.85,1.0,1.0,64.9041,0.5,0.3,2.8,122.0,103.0,19
14203,平塚市,神奈川,郊外住宅,3.0,258422,82666,0.0483,3815.5847,0.0148,3716.0,469.0,1.0,1.3,1.3,4,0.4,1.0,1.0,141.2153,0.7,0.7,2.8,83.0,103.0,-20
11101,さいたま市西区,埼玉県,郊外住宅,3.0,93499,28604,0.0625,3216.4018,0.0688,1251.0,466.0,1.0,1.3,1.3,1,0.85,1.0,1.0,63.2287,0.6,0.6,2.7,94.0,105.0,-11
12236,香取市,千葉県,ロードサイド,5.0,72356,26352,0.1898,275.8679,0.0229,4522.0,4566.0,1.0,0.85,0.85,0,1.0,1.3,1.0,63.6825,3.1,3.1,2.7,40.0,105.0,-65
11102,さいたま市北区,埼玉県,超都心,1.0,149242,43567,0.0049,8833.6486,0.4143,409.0,21.0,1.15,1.0,1.15,1,0.85,1.0,1.0,67.9523,0.0,0.0,2.6,185.0,107.0,78
11201,川越市,埼玉県,郊外住宅,3.0,354571,100576,0.0302,3247.1351,0.1099,326.0,824.0,1.0,1.15,1.15,3,0.55,1.0,1.0,107.4259,0.2,0.1,2.6,155.0,107.0,48
11326,毛呂山町,埼玉県,ロードサイド,5.0,35366,11697,0.4738,1037.2567,0.1173,624.0,3589.0,1.0,0.85,0.85,1,0.85,1.3,1.0,70.5634,8.6,8.6,2.6,19.0,107.0,-88
14104,横浜市中区,神奈川,都心住宅,2.0,151388,44063,0.0483,6963.9369,0.598,1105.0,492.0,1.0,1.0,1.0,4,0.4,1.0,1.0,169.3602,0.5,0.5,2.6,103.0,107.0,-4
12103,千葉市稲毛区,千葉県,都心住宅,2.0,160582,49034,0.0306,7564.6494,0.424,657.0,437.0,1.0,1.0,1.0,3,0.55,1.0,1.0,119.4013,0.1,0.1,2.5,155.0,111.0,44
11212,東松山市,埼玉県,ロードサイド,5.0,91791,28391,0.1393,1404.3063,0.0306,979.0,356.0,1.0,1.3,1.3,1,0.85,1.0,1.0,50.3549,0.6,0.5,2.2,103.0,112.0,-9
11361,横瀬町,埼玉県,ロードサイド,5.0,7979,2788,0.839,161.9005,0.0406,1125.0,846.0,1.0,1.15,1.15,1,0.85,1.95,1.0,29.7828,2.8,2.8,2.2,42.0,112.0,-70
12227,浦安市,千葉県,超都心,1.0,171362,46133,0.0039,9047.9469,0.528,1226.0,466.0,1.0,1.0,1.0,0,1.0,1.0,1.0,57.2699,0.0,0.0,2.2,185.0,112.0,73
11103,さいたま市大宮区,埼玉県,超都心,1.0,117784,34740,0.013,9185.3746,0.5459,43.0,553.0,1.3,1.0,1.3,5,0.3,1.0,1.0,143.7551,0.0,0.0,2.2,185.0,112.0,73
13121,足立区,東京都,超都心,1.0,695043,207657,0.001,13065.5816,0.5076,465.0,34.0,1.15,1.0,1.15,2,0.7,1.0,1.0,66.0993,0.0,0.0,2.1,185.0,116.0,69
11241,鶴ヶ島市,埼玉県,郊外住宅,3.0,70117,22675,0.0748,3975.1309,0.1134,1965.0,246.0,1.0,1.3,1.3,2,0.7,1.0,1.0,59.9869,0.3,0.3,2.1,122.0,116.0,6
14215,海老名市,神奈川,都心住宅,2.0,136516,40947,0.019,5137.6387,0.3011,1480.0,800.0,1.0,1.0,1.0,1,0.85,1.0,1.0,61.9107,0.1,0.1,2.0,155.0,118.0,37
11362,皆野町,埼玉県,ロードサイド,5.0,9302,3423,0.7775,146.0029,0.0314,1123.0,1211.0,1.0,0.85,0.85,1,0.85,1.95,1.0,33.8858,5.9,5.9,1.9,25.0,119.0,-94
13215,国立市,東京都,超都心,1.0,77130,23771,0.0064,9479.012,0.3687,673.0,961.0,1.0,1.0,1.0,0,1.0,1.0,1.0,48.4259,0.0,0.0,1.9,185.0,119.0,66
14363,松田町,神奈川,ロードサイド,5.0,10836,3782,0.7862,286.9354,0.053,4381.0,3614.0,1.0,0.85,0.85,0,1.0,1.5,1.0,37.8586,3.8,3.8,1.9,35.0,119.0,-84
11381,美里町,埼玉県,ロードサイド,5.0,11039,3803,0.8,330.9217,0.03,781.0,632.0,1.0,1.15,1.15,1,0.85,1.3,1.0,38.737,1.8,1.5,1.9,54.0,119.0,-65
14214,伊勢原市,神奈川,ロードサイド,5.0,101780,30762,0.3756,1831.6741,0.072,2503.0,1066.0,1.0,0.85,0.85,4,0.4,1.0,1.0,147.1127,5.9,5.9,1.9,25.0,119.0,-94
11230,新座市,埼玉県,郊外住宅,3.0,166017,50815,0.0547,7290.7971,0.0878,1616.0,812.0,1.0,1.15,1.15,4,0.4,1.0,1.0,98.3076,0.6,0.5,1.8,103.0,124.0,-21
14207,茅ヶ崎市,神奈川,郊外住宅,3.0,242389,79549,0.0483,6791.1353,0.0841,600.0,646.0,1.0,1.15,1.15,6,0.3,1.0,1.0,135.8906,1.3,1.3,1.8,58.0,124.0,-66
14382,箱根町,神奈川,ロードサイド,5.0,11293,3875,0.7539,121.6425,0.14,1632.0,1520.0,1.0,0.85,0.85,0,1.0,1.5,1.0,37.1959,6.1,6.1,1.8,23.0,124.0,-101
11342,嵐山町,埼玉県,ロードサイド,5.0,17889,6095,0.3743,598.7816,0.0335,1773.0,975.0,1.0,1.15,1.15,0,1.0,1.3,1.0,29.0472,3.2,3.2,1.7,38.0,127.0,-89
13221,清瀬市,東京都,郊外住宅,3.0,76208,24931,0.0448,7436.5169,0.0976,1058.0,67.0,1.0,1.3,1.3,1,0.85,1.0,1.0,39.5026,0.2,0.1,1.7,155.0,127.0,28
13202,立川市,東京都,都心住宅,2.0,183581,56251,0.0326,7541.5137,0.534,924.0,244.0,1.0,1.0,1.0,5,0.3,1.0,1.0,145.9278,0.3,0.2,1.7,137.0,127.0,10
12219,市原市,千葉県,ロードサイド,5.0,269524,83965,0.0483,732.0722,0.057,2032.0,1621.0,1.0,0.85,0.85,0,1.0,1.0,1.0,51.6364,1.2,1.2,1.7,61.0,127.0,-66
13118,荒川区,東京都,超都心,1.0,217475,64052,0.002,21369.4348,2.7513,259.0,208.0,1.3,1.0,1.3,1,0.85,1.0,1.0,40.7768,0.0,0.0,1.7,185.0,127.0,58
11349,ときがわ町,埼玉県,ロードサイド,5.0,10540,3887,0.763,188.5905,0.0179,4308.0,6315.0,1.0,0.85,0.85,0,1.0,1.3,1.0,37.7615,7.8,7.8,1.6,21.0,132.0,-111
13308,奥多摩町,東京都,ロードサイド,5.0,4750,1912,0.9522,21.0617,0.0222,4008.0,3139.0,1.0,0.85,0.85,0,1.0,1.95,1.1,23.1807,17.4,17.4,1.6,10.0,132.0,-122
12232,白井市,千葉県,ロードサイド,5.0,62441,19937,0.144,1760.3319,0.0564,1954.0,447.0,1.0,1.3,1.3,1,0.85,1.0,1.0,36.5538,0.8,0.8,1.6,78.0,132.0,-54
11327,越生町,埼玉県,ロードサイド,5.0,11029,3998,0.722,273.1269,0.0743,3006.0,6074.0,1.0,0.85,0.85,0,1.0,1.3,1.0,36.7528,6.1,6.1,1.6,23.0,132.0,-109
14208,逗子市,神奈川,郊外住宅,3.0,57060,20842,0.0483,3302.9203,0.2315,844.0,298.0,1.0,1.3,1.3,1,0.85,1.0,1.0,35.6036,0.3,0.3,1.5,122.0,136.0,-14
13122,葛飾区,東京都,超都心,1.0,453093,138071,0.0009,13013.4052,0.3447,852.0,28.0,1.0,1.0,1.0,0,1.0,1.0,1.0,39.5544,0.0,0.0,1.5,185.0,136.0,49
11106,さいたま市桜区,埼玉県,郊外住宅,3.0,98661,28486,0.0359,5303.3056,0.0538,2308.0,124.0,1.0,1.3,1.3,1,0.85,1.0,1.0,36.1688,0.2,0.2,1.5,137.0,136.0,1
13219,狛江市,東京都,超都心,1.0,84772,25688,0.0033,13312.5017,0.3141,286.0,20.0,1.3,1.0,1.3,0,1.0,1.0,1.0,26.9833,0.0,0.0,1.4,185.0,139.0,46
11383,神川町,埼玉県,ロードサイド,5.0,13359,4473,0.4812,281.5662,0.0211,6691.0,121.0,1.0,1.3,1.3,0,1.0,1.0,1.0,27.4053,2.3,2.3,1.4,44.0,139.0,-95
14204,鎌倉市,神奈川,郊外住宅,3.0,172710,62862,0.0483,4353.075,0.4285,1050.0,990.0,1.0,1.15,1.15,5,0.3,1.0,1.0,107.3848,0.7,0.6,1.4,94.0,139.0,-45
11363,長瀞町,埼玉県,ロードサイド,5.0,6807,2613,0.7265,223.6741,0.1314,855.0,605.0,1.0,1.15,1.15,1,0.85,1.3,1.0,24.1705,4.7,4.7,1.2,28.0,142.0,-114
12208,野田市,千葉県,ロードサイド,5.0,152638,49871,0.057,1474.5497,0.058,1814.0,346.0,1.0,1.3,1.3,3,0.55,1.0,1.1,36.1937,1.3,1.3,1.1,58.0,143.0,-85
11301,伊奈町,埼玉県,郊外住宅,3.0,44841,13523,0.0538,3040.8543,0.3391,299.0,2296.0,1.0,0.85,0.85,0,1.0,1.3,1.0,25.7314,0.4,0.4,1.1,111.0,143.0,-32
11229,和光市,埼玉県,都心住宅,2.0,83989,21572,0.0218,7599.0527,0.181,655.0,375.0,1.0,1.0,1.0,2,0.7,1.0,1.0,37.4229,0.0,0.0,1.0,185.0,145.0,40
12322,酒々井町,千葉県,ロードサイド,5.0,20745,6856,0.2525,1091.7685,0.2105,372.0,622.0,1.0,1.15,1.15,0,1.0,1.0,1.0,22.0416,0.4,0.4,1.0,111.0,145.0,-34
11110,さいたま市岩槻区,埼玉県,郊外住宅,3.0,111815,36269,0.0174,2272.7481,0.0407,1938.0,198.0,1.0,1.3,1.3,1,0.85,1.0,1.0,22.3199,0.1,0.1,1.0,155.0,145.0,10
12239,大網白里市,千葉県,ロードサイド,5.0,48129,16782,0.1304,827.9571,0.0344,3072.0,1740.0,1.0,0.85,0.85,0,1.0,1.0,1.0,27.8632,1.1,1.1,0.9,71.0,148.0,-77
12233,富里市,千葉県,ロードサイド,5.0,49735,15473,0.1462,923.0383,0.0,6062.0,1129.0,1.0,0.85,0.85,0,1.0,1.0,1.0,28.8026,0.5,0.5,0.9,103.0,148.0,-45
11239,坂戸市,埼玉県,郊外住宅,3.0,100275,31981,0.0272,2447.4672,0.0732,926.0,401.0,1.0,1.3,1.3,3,0.55,1.0,1.0,30.7658,0.1,0.1,0.9,155.0,148.0,7
11341,滑川町,埼玉県,ロードサイド,5.0,19732,5586,0.3006,665.0271,0.0674,3127.0,3435.0,1.0,0.85,0.85,0,1.0,1.3,1.0,21.3796,1.6,1.6,0.9,52.0,148.0,-96
11348,鳩山町,埼玉県,ロードサイド,5.0,13560,5427,0.4268,526.7939,0.0,4187.0,5410.0,1.0,0.85,0.85,2,0.7,1.3,1.0,29.4913,2.1,2.1,0.9,45.0,148.0,-103
13218,福生市,東京都,都心住宅,2.0,56414,17912,0.0155,5538.551,0.5891,300.0,272.0,1.3,1.0,1.3,1,0.85,1.0,1.0,22.0936,0.0,0.0,0.9,185.0,148.0,37
14206,小田原市,神奈川,ロードサイド,5.0,188856,63662,0.0483,1662.4543,0.2025,1220.0,17.0,1.0,1.3,1.3,4,0.4,1.0,1.0,39.1505,3.2,3.2,0.8,38.0,154.0,-116
14402,清川村,神奈川,ロードサイド,5.0,3038,1083,0.9182,42.6151,0.0,6192.0,675.0,1.0,1.15,1.15,0,1.0,1.5,1.0,12.6612,1.0,1.0,0.8,74.0,154.0,-80
12421,一宮町,千葉県,ロードサイド,5.0,11897,4144,0.2869,517.2612,0.087,1446.0,188.0,1.0,1.3,1.3,0,1.0,1.0,1.0,15.1377,0.7,0.7,0.8,83.0,154.0,-71
13222,東久留米市,東京都,郊外住宅,3.0,115271,38193,0.0203,8945.2709,0.0776,1465.0,395.0,1.0,1.3,1.3,3,0.55,1.0,1.0,27.4213,0.2,0.1,0.8,155.0,154.0,1
13227,羽村市,東京都,都心住宅,2.0,54326,17384,0.0169,5472.9763,0.2015,631.0,528.0,1.0,1.0,1.0,1,0.85,1.0,1.0,23.379,0.0,0.0,0.8,185.0,154.0,31
11222,越谷市,埼玉県,都心住宅,2.0,341621,105542,0.0033,5669.8687,0.1328,942.0,657.0,1.0,1.0,1.0,2,0.7,1.0,1.0,27.7159,0.0,0.0,0.8,185.0,154.0,31
11202,熊谷市,埼玉県,ロードサイド,5.0,194415,63689,0.0347,1217.0453,0.0501,1428.0,156.0,1.0,1.3,1.3,3,0.55,1.0,1.0,28.1387,0.3,0.3,0.8,122.0,154.0,-32
12105,千葉市緑区,千葉県,ロードサイド,5.0,129421,39555,0.0483,1952.6403,0.0754,1441.0,4105.0,1.0,0.85,0.85,0,1.0,1.0,1.0,24.3253,0.7,0.7,0.8,83.0,154.0,-71
11238,蓮田市,埼玉県,郊外住宅,3.0,61499,20653,0.0297,2252.7582,0.0366,2249.0,140.0,1.0,1.3,1.3,3,0.55,1.3,1.0,21.6944,0.2,0.2,0.8,137.0,154.0,-17
11324,三芳町,埼玉県,郊外住宅,3.0,38434,12907,0.0702,2512.1263,0.0,2561.0,1092.0,1.0,0.85,0.85,2,0.7,1.0,1.0,32.0457,0.1,0.1,0.7,155.0,163.0,-8
11104,さいたま市見沼区,埼玉県,郊外住宅,3.0,165049,51847,0.0218,5393.9318,0.098,1039.0,1958.0,1.0,0.85,0.85,3,0.55,1.0,1.0,39.9749,0.1,0.0,0.7,185.0,163.0,22
11369,東秩父村,埼玉県,ロードサイド,5.0,2709,1063,0.8561,73.0674,0.0,5369.0,4987.0,1.0,0.85,0.85,0,1.0,1.95,1.0,11.5869,1.4,1.4,0.7,55.0,163.0,-108
12206,木更津市,千葉県,ロードサイド,5.0,136166,41611,0.0483,980.6952,0.0432,2242.0,2045.0,1.0,0.85,0.85,1,0.85,1.0,1.0,25.5897,1.1,1.1,0.7,71.0,163.0,-92
12427,長南町,千葉県,ロードサイド,5.0,7198,2883,0.538,109.9197,0.0,7105.0,2383.0,1.0,0.85,0.85,0,1.0,1.0,1.0,19.7486,0.9,0.9,0.7,77.0,163.0,-86
11109,さいたま市緑区,埼玉県,郊外住宅,3.0,128321,37150,0.0209,4858.4119,0.0757,2285.0,23.0,1.0,1.3,1.3,4,0.4,1.0,1.0,27.4608,0.2,0.2,0.6,137.0,168.0,-31
12202,銚子市,千葉県,ロードサイド,5.0,58431,22385,0.0483,692.9906,0.166,1795.0,933.0,1.0,1.15,1.15,0,1.0,1.0,1.0,13.7662,0.6,0.6,0.6,94.0,168.0,-74
12410,横芝光町,千葉県,ロードサイド,5.0,22075,8120,0.1314,329.4628,0.0149,350.0,521.0,1.0,1.15,1.15,0,1.0,1.0,1.0,13.5851,0.3,0.3,0.6,122.0,168.0,-46
12426,長柄町,千葉県,ロードサイド,5.0,6721,2678,0.5524,142.7098,0.0,7871.0,4768.0,1.0,0.85,0.85,0,1.0,1.0,1.0,18.8354,1.7,1.7,0.6,49.0,168.0,-119
14362,大井町,神奈川,ロードサイド,5.0,17129,5643,0.2709,1190.4182,0.139,1361.0,641.0,1.0,1.15,1.15,2,0.7,1.0,1.0,19.4639,0.7,0.7,0.6,83.0,168.0,-85
11233,北本市,埼玉県,郊外住宅,3.0,65201,22525,0.0274,3293.608,0.0505,685.0,1442.0,1.0,0.85,0.85,1,0.85,1.0,1.0,21.8285,0.1,0.1,0.6,155.0,168.0,-13
13307,檜原村,東京都,ロードサイド,5.0,2003,848,0.9605,19.006,0.0,8444.0,2504.0,1.0,0.85,0.85,0,1.0,1.5,1.1,10.3706,5.4,5.4,0.6,27.0,168.0,-141
12422,睦沢町,千葉県,ロードサイド,5.0,6760,2563,0.4427,189.9323,0.0,6162.0,4876.0,1.0,0.85,0.85,0,1.0,1.0,1.0,14.4467,0.7,0.7,0.5,83.0,175.0,-92
14210,三浦市,神奈川,ロードサイド,5.0,42069,16291,0.0483,1311.9361,0.0624,1350.0,34.0,1.0,1.3,1.3,0,1.0,1.0,1.0,10.0186,0.6,0.6,0.5,94.0,175.0,-81
11245,ふじみ野市,埼玉県,郊外住宅,3.0,113597,35547,0.0186,7773.4748,0.0684,852.0,464.0,1.0,1.3,1.3,4,0.4,1.0,1.0,23.3843,0.1,0.0,0.5,185.0,175.0,10
12226,富津市,千葉県,ロードサイド,5.0,42465,15213,0.0483,206.7481,0.0243,2700.0,849.0,1.0,1.15,1.15,0,1.0,1.0,1.1,9.3556,0.8,0.8,0.5,78.0,175.0,-97
12347,多古町,千葉県,ロードサイド,5.0,13735,4913,0.2563,188.7553,0.0,6485.0,2637.0,1.0,0.85,0.85,0,1.0,1.0,1.0,16.0327,1.2,1.2,0.5,61.0,175.0,-114
12215,旭市,千葉県,ロードサイド,5.0,63745,21396,0.0483,488.5783,0.0307,1380.0,963.0,1.0,1.15,1.15,1,0.85,1.0,1.0,13.158,0.6,0.6,0.5,94.0,175.0,-81
11105,さいたま市中央区,埼玉県,超都心,1.0,103269,29956,0.0013,12311.785,0.4769,112.0,676.0,1.3,1.0,1.3,1,0.85,1.0,1.0,12.3959,0.0,0.0,0.5,185.0,175.0,10
11214,春日部市,埼玉県,郊外住宅,3.0,229792,72593,0.0066,3482.4422,0.1212,339.0,952.0,1.0,1.15,1.15,2,0.7,1.0,1.0,16.9452,0.1,0.1,0.5,155.0,175.0,-20
11231,桶川市,埼玉県,郊外住宅,3.0,74748,24634,0.0234,2949.7905,0.0395,1345.0,1418.0,1.0,0.85,0.85,2,0.7,1.0,1.0,20.3872,0.1,0.1,0.5,155.0,175.0,-20
12101,千葉市中央区,千葉県,郊外住宅,3.0,211736,56889,0.0076,4737.4057,0.4251,370.0,385.0,1.0,1.3,1.3,3,0.55,1.0,1.0,15.2915,0.1,0.1,0.4,155.0,184.0,-29
14361,中井町,神奈川,ロードサイド,5.0,9300,3241,0.3389,465.2431,0.0,3914.0,403.0,1.0,1.3,1.3,3,0.55,1.0,1.0,13.9849,0.2,0.2,0.4,137.0,184.0,-47
12229,袖ケ浦市,千葉県,ロードサイド,5.0,63883,19191,0.0483,673.0279,0.0421,3377.0,3286.0,1.0,0.85,0.85,0,1.0,1.0,1.0,11.802,0.5,0.5,0.4,103.0,184.0,-81
14301,葉山町,神奈川,ロードサイド,5.0,31665,11720,0.0483,1858.2565,0.0,3059.0,546.0,1.0,1.15,1.15,1,0.85,1.0,1.0,7.2075,0.2,0.2,0.3,137.0,187.0,-50
12238,いすみ市,千葉県,ロードサイド,5.0,35544,13868,0.0483,225.6358,0.0698,1396.0,1219.0,1.0,0.85,0.85,0,1.0,1.0,1.0,8.5285,0.4,0.4,0.3,111.0,187.0,-76
11235,富士見市,埼玉県,都心住宅,2.0,111859,33297,0.0032,5652.5126,0.1516,1669.0,135.0,1.0,1.0,1.0,0,1.0,1.0,1.0,8.479,0.0,0.0,0.3,185.0,187.0,-2
11107,さいたま市浦和区,埼玉県,都心住宅,2.0,164822,48123,0.0072,14328.0404,0.2608,658.0,447.0,1.0,1.0,1.0,5,0.3,1.0,1.0,27.5724,0.0,0.0,0.3,185.0,187.0,-2
12349,東庄町,千葉県,ロードサイド,5.0,13228,4918,0.1588,286.4684,0.0433,2691.0,2593.0,1.0,0.85,0.85,0,1.0,1.0,1.0,9.9437,0.7,0.7,0.3,83.0,187.0,-104
12234,南房総市,千葉県,ロードサイド,5.0,35831,14822,0.0483,156.1786,0.0,19988.0,17457.0,1.0,0.85,0.85,0,1.0,1.0,1.1,9.1152,1.2,1.2,0.3,61.0,187.0,-126
12409,芝山町,千葉県,ロードサイド,5.0,7033,2579,0.2625,162.6026,0.0,3739.0,1564.0,1.0,0.85,0.85,0,1.0,1.0,1.0,8.6197,0.4,0.4,0.3,111.0,187.0,-76
11224,戸田市,埼玉県,都心住宅,2.0,140899,35547,0.0023,7733.6032,0.1647,1184.0,668.0,1.0,1.0,1.0,0,1.0,1.0,1.0,6.5061,0.0,0.0,0.3,185.0,187.0,-2
14321,寒川町,神奈川,郊外住宅,3.0,48348,14939,0.0095,3633.4278,0.2255,890.0,140.0,1.0,1.3,1.3,2,0.7,1.0,1.0,5.0194,0.0,0.0,0.2,185.0,195.0,-10
14341,大磯町,神奈川,ロードサイド,5.0,31634,11372,0.0483,1812.475,0.0573,2316.0,781.0,1.0,1.15,1.15,3,0.55,1.0,1.0,6.9935,0.1,0.1,0.2,155.0,195.0,-40
12342,神崎町,千葉県,ロードサイド,5.0,5816,2057,0.2012,292.5057,0.0503,980.0,1176.0,1.0,0.85,0.85,0,1.0,1.3,1.0,5.2695,0.3,0.3,0.2,122.0,195.0,-73
12223,鴨川市,千葉県,ロードサイド,5.0,32116,11591,0.0483,168.1158,0.0,11498.0,8451.0,1.0,0.85,0.85,1,0.85,1.0,1.0,7.1282,1.3,1.3,0.2,58.0,195.0,-137
11246,白岡市,埼玉県,郊外住宅,3.0,52214,16589,0.0096,2095.1801,0.0803,752.0,2842.0,1.0,0.85,0.85,1,0.85,1.3,1.0,5.6325,0.1,0.1,0.2,155.0,195.0,-40
13361,大島町,東京都,ロードサイド,5.0,7102,2503,0.0483,78.221,0.0,52515.0,48913.0,1.0,0.85,0.85,0,1.0,1.0,1.1,1.5393,1.1,1.1,0.1,71.0,200.0,-129
12218,勝浦市,千葉県,ロードサイド,5.0,16927,6370,0.0483,179.7499,0.0,7659.0,2550.0,1.0,0.85,0.85,0,1.0,1.0,1.0,3.9174,0.5,0.5,0.1,103.0,200.0,-97
12463,鋸南町,千葉県,ロードサイド,5.0,6993,2886,0.0483,154.6415,0.0,8189.0,6970.0,1.0,0.85,0.85,0,1.0,1.0,1.1,1.7748,0.2,0.2,0.1,137.0,200.0,-63
12443,御宿町,千葉県,ロードサイド,5.0,6874,2949,0.0483,278.237,0.0405,1379.0,1607.0,1.0,0.85,0.85,0,1.0,1.0,1.0,1.8136,0.1,0.1,0.1,155.0,200.0,-45
11237,三郷市,埼玉県,郊外住宅,3.0,142145,43095,0.0007,4726.1047,0.0997,1030.0,506.0,1.0,1.15,1.15,1,0.85,1.3,1.0,1.0669,0.0,0.0,0.1,185.0,200.0,-15
12423,長生村,千葉県,ロードサイド,5.0,13803,4861,0.0572,488.1773,0.0354,1164.0,2186.0,1.0,0.85,0.85,1,0.85,1.0,1.0,3.5402,0.1,0.1,0.1,155.0,200.0,-45
12424,白子町,千葉県,ロードサイド,5.0,10305,3863,0.0483,374.8493,0.0,5983.0,6883.0,1.0,0.85,0.85,0,1.0,1.0,1.0,2.3756,0.1,0.1,0.1,155.0,200.0,-45
11108,さいたま市南区,埼玉県,都心住宅,2.0,191563,53622,0.0008,13850.4152,0.2169,811.0,583.0,1.0,1.0,1.0,3,0.55,1.0,1.0,3.4137,0.0,0.0,0.1,185.0,200.0,-15
11223,蕨市,埼玉県,都心住宅,2.0,74283,21475,0.006,14556.8088,0.196,558.0,606.0,1.0,1.0,1.0,5,0.3,1.0,1.0,10.2536,0.0,0.0,0.1,185.0,200.0,-15
13401,八丈町,東京都,ロードサイド,5.0,7042,2554,0.0483,97.5505,0.0,230136.0,225978.0,1.0,0.85,0.85,0,1.0,1.0,1.1,1.5706,2.1,2.1,0.1,45.0,200.0,-155
11228,志木市,埼玉県,都心住宅,2.0,75346,23089,0.0012,8311.0394,0.1103,1806.0,1.0,1.0,1.0,1.0,2,0.7,1.3,1.0,2.2048,0.0,0.0,0.1,185.0,200.0,-15
12403,九十九里町,千葉県,ロードサイド,5.0,14639,5604,0.0483,599.5145,0.0,6190.0,6314.0,1.0,0.85,0.85,0,1.0,1.0,1.0,3.4463,0.0,0.0,0.1,185.0,200.0,-15
11442,宮代町,埼玉県,郊外住宅,3.0,34147,11099,0.0065,2142.1327,0.3764,303.0,1465.0,1.0,0.85,0.85,1,0.85,1.0,1.0,2.5516,0.0,0.0,0.1,185.0,200.0,-15
12441,大多喜町,千葉県,ロードサイド,5.0,8885,3472,0.0483,68.4374,0.0616,891.0,691.0,1.0,1.15,1.15,0,1.0,1.0,1.0,2.1352,0.2,0.2,0.1,137.0,200.0,-63
14383,真鶴町,神奈川,ロードサイド,5.0,6722,2857,0.0483,954.5616,0.142,957.0,361.0,1.0,1.3,1.3,1,0.85,1.0,1.0,1.757,0.1,0.1,0.1,155.0,200.0,-45
11234,八潮市,埼玉県,郊外住宅,3.0,93363,25684,0.0029,5188.7785,0.0556,1371.0,98.0,1.0,1.3,1.3,2,0.7,1.0,1.0,2.6343,0.0,0.0,0.1,185.0,200.0,-15
13807,中央防波堤外側廃棄物処理場（中潮橋南側）,東京都,ロードサイド,5.0,0,0,0.0,0.0,0.0,4348.0,4360.0,1.0,0.85,0.85,0,1.0,1.0,1.0,0.0,0.0,0.0,0.0,185.0,216.0,-31
13805,荒川河口部,東京都,ロードサイド,5.0,0,0,0.0,0.0,0.0,1533.0,246.0,1.0,1.3,1.3,8,0.3,1.0,1.0,0.0,0.0,0.0,0.0,185.0,216.0,-31
13381,三宅村,東京都,ロードサイド,5.0,2273,730,0.0483,41.1251,0.0,121652.0,117306.0,1.0,0.85,0.85,0,1.0,1.0,1.1,0.4489,0.3,0.3,0.0,122.0,216.0,-94
13402,青ヶ島村,東京都,ロードサイド,5.0,169,32,0.0483,28.3013,0.0,301977.0,297781.0,1.0,0.85,0.85,0,1.0,1.0,1.1,0.0197,0.0,0.0,0.0,185.0,216.0,-31
13382,御蔵島村,東京都,ロードサイド,5.0,323,67,0.0483,15.7418,0.0,144567.0,140292.0,1.0,0.85,0.85,0,1.0,1.0,1.1,0.0412,0.0,0.0,0.0,185.0,216.0,-31
13421,小笠原村,東京都,ロードサイド,5.0,2929,615,0.0483,27.6055,0.0,1000792.0,998191.0,1.0,0.85,0.85,0,1.0,1.0,1.1,0.3782,4.2,4.2,0.0,32.0,216.0,-184
13808,所属未定地,東京都,ロードサイド,5.0,0,0,0.0,0.0,0.0,4810.0,4464.0,1.0,0.85,0.85,0,1.0,1.0,1.0,0.0,0.0,0.0,0.0,185.0,216.0,-31
13804,孀婦岩,東京都,ロードサイド,5.0,0,0,0.0483,0.0,0.0,598089.0,594876.0,1.0,0.85,0.85,0,1.0,1.0,1.1,0.0,0.0,0.0,0.0,185.0,216.0,-31
11243,吉川市,埼玉県,郊外住宅,3.0,71979,21225,0.0003,2277.1947,0.0633,2588.0,851.0,1.0,1.15,1.15,1,0.85,1.3,1.0,0.2252,0.0,0.0,0.0,185.0,216.0,-31
11464,杉戸町,埼玉県,ロードサイド,5.0,43845,14944,0.0038,1462.3843,0.0334,2732.0,1660.0,1.0,0.85,0.85,2,0.7,1.3,1.0,0.723,0.0,0.0,0.0,185.0,216.0,-31
13803,須美寿島,東京都,ロードサイド,5.0,0,0,0.0483,0.0,0.0,416470.0,412359.0,1.0,0.85,0.85,0,1.0,1.0,1.1,0.0,0.0,0.0,0.0,185.0,216.0,-31
11232,久喜市,埼玉県,ロードサイド,5.0,150582,49638,0.0,1827.4448,0.0607,2245.0,2656.0,1.0,0.85,0.85,3,0.55,1.3,1.0,0.0,0.0,0.0,0.0,185.0,216.0,-31
11210,加須市,埼玉県,ロードサイド,5.0,111623,36310,0.0017,837.0319,0.0375,2659.0,1092.0,1.0,0.85,0.85,2,0.7,1.0,1.0,0.7859,0.0,0.0,0.0,185.0,216.0,-31
12230,八街市,千葉県,ロードサイド,5.0,67455,22552,0.0,900.4214,0.0267,2974.0,2028.0,1.0,0.85,0.85,1,0.85,1.0,1.0,0.0,0.0,0.0,0.0,185.0,216.0,-31
11216,羽生市,埼玉県,ロードサイド,5.0,52862,17064,0.0005,902.3814,0.0683,1763.0,2476.0,1.0,0.85,0.85,1,0.85,1.0,1.0,0.1086,0.0,0.0,0.0,185.0,216.0,-31
11385,上里町,埼玉県,ロードサイド,5.0,30343,9549,0.0011,1040.6664,0.0343,1318.0,1283.0,1.0,0.85,0.85,1,0.85,1.3,1.0,0.1337,0.0,0.0,0.0,185.0,216.0,-31
11206,行田市,埼玉県,ロードサイド,5.0,78617,26763,0.0,1164.7062,0.0741,156.0,971.0,1.0,1.15,1.15,2,0.7,1.0,1.0,0.0,0.0,0.0,0.0,185.0,216.0,-31
13303,瑞穂町,東京都,ロードサイド,5.0,31765,10390,0.0,1887.7914,0.0594,397.0,139.0,1.0,1.3,1.3,3,0.55,1.0,1.0,0.0,0.0,0.0,0.0,185.0,216.0,-31
11218,深谷市,埼玉県,ロードサイド,5.0,141268,45248,0.0,1020.6531,0.0506,1837.0,1732.0,1.0,0.85,0.85,1,0.85,1.3,1.0,0.0,0.0,0.0,0.0,185.0,216.0,-31
14366,開成町,神奈川,郊外住宅,3.0,18329,5732,0.0,2800.6211,0.1528,1395.0,527.0,1.0,1.15,1.15,1,0.85,1.0,1.0,0.0,0.0,0.0,0.0,185.0,216.0,-31
11465,松伏町,埼玉県,ロードサイド,5.0,28266,9439,0.0013,1745.47,0.0,3851.0,1017.0,1.0,0.85,0.85,4,0.4,1.3,1.1,0.1562,0.0,0.0,0.0,185.0,216.0,-31
12222,我孫子市,千葉県,郊外住宅,3.0,130510,44322,0.0,3021.8621,0.1389,1172.0,96.0,1.0,1.3,1.3,0,1.0,1.0,1.0,0.0,0.0,0.0,0.0,185.0,216.0,-31
11217,鴻巣市,埼玉県,ロードサイド,5.0,116828,38613,0.0005,1732.4288,0.0445,2249.0,771.0,1.0,1.15,1.15,2,0.7,1.3,1.0,0.2458,0.0,0.0,0.0,185.0,216.0,-31
11240,幸手市,埼玉県,ロードサイド,5.0,50066,17516,0.0015,1473.6524,0.0294,2316.0,1599.0,1.0,0.85,0.85,2,0.7,1.0,1.0,0.3345,0.0,0.0,0.0,185.0,216.0,-31
12329,栄町,千葉県,ロードサイド,5.0,20127,7421,0.0,621.015,0.0309,923.0,589.0,1.0,1.15,1.15,1,0.85,1.3,1.0,0.0,0.0,0.0,0.0,185.0,216.0,-31
12213,東金市,千葉県,ロードサイド,5.0,58219,18777,0.0,653.455,0.0337,626.0,671.0,1.0,1.15,1.15,3,0.55,1.0,1.0,0.0,0.0,0.0,0.0,185.0,216.0,-31
12205,館山市,千葉県,ロードサイド,5.0,45153,16790,0.0,410.4034,0.0,25243.0,23154.0,1.0,0.85,0.85,1,0.85,1.0,1.1,0.0,0.0,0.0,0.0,185.0,216.0,-31
11219,上尾市,埼玉県,郊外住宅,3.0,226940,70488,0.0,4988.0336,0.0879,698.0,1256.0,1.0,0.85,0.85,1,0.85,1.3,1.0,0.0,0.0,0.0,0.0,185.0,216.0,-31
12204,船橋市,千葉県,都心住宅,2.0,642907,192303,0.0,7506.5055,0.3853,1054.0,2622.0,1.0,1.0,1.0,2,0.7,1.0,1.0,0.0,0.0,0.0,0.0,185.0,216.0,-31
13225,稲城市,東京都,都心住宅,2.0,93151,26988,0.0,5187.5614,0.2784,781.0,11.0,1.0,1.0,1.0,1,0.85,1.3,1.1,0.0,0.0,0.0,0.0,185.0,216.0,-31
14131,川崎市川崎区,神奈川,都心住宅,2.0,232965,60592,0.0,5900.4967,0.5319,1338.0,1025.0,1.0,1.0,1.0,0,1.0,1.0,1.0,0.0,0.0,0.0,0.0,185.0,216.0,-31
12235,匝瑳市,千葉県,ロードサイド,5.0,35040,12780,0.0,345.2067,0.0197,157.0,154.0,1.0,1.3,1.3,0,1.0,1.0,1.0,0.0,0.0,0.0,0.0,185.0,216.0,-31
11346,川島町,埼玉県,ロードサイド,5.0,19378,6734,0.0025,465.4892,0.0,6941.0,1683.0,1.0,0.85,0.85,0,1.0,1.3,1.0,0.2143,0.0,0.0,0.0,185.0,216.0,-31
11347,吉見町,埼玉県,ロードサイド,5.0,18192,6406,0.0,470.8373,0.0,4952.0,3522.0,1.0,0.85,0.85,2,0.7,1.3,1.0,0.0,0.0,0.0,0.0,185.0,216.0,-31
12225,君津市,千葉県,ロードサイド,5.0,82206,27193,0.0,257.9393,0.0251,3670.0,1854.0,1.0,0.85,0.85,0,1.0,1.0,1.0,0.0,0.0,0.0,0.0,185.0,216.0,-31
11221,草加市,埼玉県,都心住宅,2.0,248304,76252,0.0,9034.1764,0.1455,542.0,199.0,1.0,1.0,1.0,6,0.3,1.3,1.0,0.0,0.0,0.0,0.0,185.0,216.0,-31
13108,江東区,東京都,超都心,1.0,524310,154406,0.0,12226.3744,0.7462,411.0,317.0,1.15,1.0,1.15,0,1.0,1.0,1.0,0.0,0.0,0.0,0.0,185.0,216.0,-31
13111,大田区,東京都,超都心,1.0,748081,210817,0.0,12102.1322,0.728,459.0,190.0,1.15,1.0,1.15,1,0.85,1.0,1.0,0.0,0.0,0.0,0.0,185.0,216.0,-31
13363,新島村,東京都,ロードサイド,5.0,2441,896,0.0483,89.0399,0.0,86281.0,84024.0,1.0,0.85,0.85,0,1.0,1.0,1.1,0.551,0.6,0.6,0.0,94.0,216.0,-122
13364,神津島村,東京都,ロードサイド,5.0,1855,592,0.0483,100.361,0.0,101797.0,100101.0,1.0,0.85,0.85,0,1.0,1.0,1.1,0.3641,0.7,0.7,0.0,83.0,216.0,-133
13362,利島村,東京都,ロードサイド,5.0,327,76,0.0483,79.5612,0.0,70574.0,68020.0,1.0,0.85,0.85,0,1.0,1.0,1.1,0.0467,0.0,0.0,0.0,185.0,216.0,-31
13802,ベヨネース列岩,東京都,ロードサイド,5.0,0,0,0.0483,0.0,0.0,365880.0,361733.0,1.0,0.85,0.85,0,1.0,1.0,1.1,0.0,0.0,0.0,0.0,185.0,216.0,-31
13801,鳥島,東京都,ロードサイド,5.0,0,0,0.0483,0.0,0.0,521580.0,518343.0,1.0,0.85,0.85,0,1.0,1.0,1.1,0.0,0.0,0.0,0.0,185.0,216.0,-31
12801,市川市・船橋市境界地先の土地,千葉県,ロードサイド,5.0,0,0,0.0,0.0,0.0,2232.0,2118.0,1.0,0.85,0.85,6,0.3,1.0,1.0,0.0,0.0,0.0,0.0,185.0,216.0,-31
