code,city,pref,area_km2
08201,水戸市,茨城県,217.109
08202,日立市,茨城県,225.708
08203,土浦市,茨城県,122.873
08204,古河市,茨城県,123.558
08205,石岡市,茨城県,215.492
08207,結城市,茨城県,65.749
08208,龍ケ崎市,茨城県,78.577
08210,下妻市,茨城県,80.861
08211,常総市,茨城県,123.612
08212,常陸太田市,茨城県,371.946
08214,高萩市,茨城県,193.538
08215,北茨城市,茨城県,186.778
08216,笠間市,茨城県,240.363
08217,取手市,茨城県,69.926
08219,牛久市,茨城県,58.909
08220,つくば市,茨城県,283.666
08221,ひたちなか市,茨城県,100.246
08222,鹿嶋市,茨城県,106.032
08223,潮来市,茨城県,71.394
08224,守谷市,茨城県,35.704
08225,常陸大宮市,茨城県,348.399
08226,那珂市,茨城県,97.807
08227,筑西市,茨城県,205.264
08228,坂東市,茨城県,123.004
08229,稲敷市,茨城県,205.776
08230,かすみがうら市,茨城県,156.573
08231,桜川市,茨城県,180.031
08232,神栖市,茨城県,146.962
08233,行方市,茨城県,222.456
08234,鉾田市,茨城県,207.582
08235,つくばみらい市,茨城県,79.144
08236,小美玉市,茨城県,144.716
08302,茨城町,茨城県,121.743
08309,大洗町,茨城県,23.891
08310,城里町,茨城県,161.78
08341,東海村,茨城県,38.012
08364,大子町,茨城県,325.716
08442,美浦村,茨城県,66.597
08443,阿見町,茨城県,71.384
08447,河内町,茨城県,44.289
08521,八千代町,茨城県,58.98
08542,五霞町,茨城県,23.103
08546,境町,茨城県,46.583
08564,利根町,茨城県,24.855
09201,宇都宮市,栃木県,416.765
09202,足利市,栃木県,177.731
09203,栃木市,栃木県,331.433
09204,佐野市,栃木県,355.978
09205,鹿沼市,栃木県,490.545
09206,日光市,栃木県,1449.561
09208,小山市,栃木県,171.72
09209,真岡市,栃木県,167.304
09210,大田原市,栃木県,354.293
09211,矢板市,栃木県,170.427
09213,那須塩原市,栃木県,592.627
09214,さくら市,栃木県,125.601
09215,那須烏山市,栃木県,174.314
09216,下野市,栃木県,74.577
09301,上三川町,栃木県,54.375
09342,益子町,栃木県,89.381
09343,茂木町,栃木県,172.665
09344,市貝町,栃木県,64.237
09345,芳賀町,栃木県,70.146
09361,壬生町,栃木県,61.047
09364,野木町,栃木県,30.262
09384,塩谷町,栃木県,176.022
09386,高根沢町,栃木県,70.852
09407,那須町,栃木県,372.275
09411,那珂川町,栃木県,192.746
10201,前橋市,群馬県,311.562
10202,高崎市,群馬県,459.721
10203,桐生市,群馬県,274.412
10204,伊勢崎市,群馬県,139.422
10205,太田市,群馬県,175.511
10206,沼田市,群馬県,443.406
10207,館林市,群馬県,60.955
10208,渋川市,群馬県,240.251
10209,藤岡市,群馬県,180.28
10210,富岡市,群馬県,122.845
10211,安中市,群馬県,276.311
10212,みどり市,群馬県,208.391
10344,榛東村,群馬県,27.35
10345,吉岡町,群馬県,20.457
10366,上野村,群馬県,181.857
10367,神流町,群馬県,114.594
10382,下仁田町,群馬県,188.385
10383,南牧村,群馬県,118.833
10384,甘楽町,群馬県,58.605
10421,中之条町,群馬県,439.302
10424,長野原町,群馬県,133.862
10425,嬬恋村,群馬県,338.486
10426,草津町,群馬県,48.9
10428,高山村,群馬県,64.174
10429,東吾妻町,群馬県,253.914
10443,片品村,群馬県,391.704
10444,川場村,群馬県,85.238
10448,昭和村,群馬県,64.139
10449,みなかみ町,群馬県,781.033
10464,玉村町,群馬県,25.773
10521,板倉町,群馬県,41.848
10522,明和町,群馬県,19.638
10523,千代田町,群馬県,21.724
10524,大泉町,群馬県,18.025
10525,邑楽町,群馬県,31.1
11101,さいたま市西区,埼玉県,29.11
11102,さいたま市北区,埼玉県,16.854
11103,さいたま市大宮区,埼玉県,12.8
11104,さいたま市見沼区,埼玉県,30.679
11105,さいたま市中央区,埼玉県,8.388
11106,さいたま市桜区,埼玉県,18.634
11107,さいたま市浦和区,埼玉県,11.509
11108,さいたま市南区,埼玉県,13.821
11109,さいたま市緑区,埼玉県,26.431
11110,さいたま市岩槻区,埼玉県,49.165
11201,川越市,埼玉県,109.115
11202,熊谷市,埼玉県,159.794
11203,川口市,埼玉県,61.934
11206,行田市,埼玉県,67.481
11207,秩父市,埼玉県,577.871
11208,所沢市,埼玉県,72.098
11209,飯能市,埼玉県,193.023
11210,加須市,埼玉県,133.27
11211,本庄市,埼玉県,89.681
11212,東松山市,埼玉県,65.337
11214,春日部市,埼玉県,65.982
11215,狭山市,埼玉県,48.985
11216,羽生市,埼玉県,58.632
11217,鴻巣市,埼玉県,67.425
11218,深谷市,埼玉県,138.349
11219,上尾市,埼玉県,45.502
11221,草加市,埼玉県,27.454
11222,越谷市,埼玉県,60.232
11223,蕨市,埼玉県,5.104
11224,戸田市,埼玉県,18.182
11225,入間市,埼玉県,44.687
11227,朝霞市,埼玉県,18.332
11228,志木市,埼玉県,9.048
11229,和光市,埼玉県,11.036
11230,新座市,埼玉県,22.776
11231,桶川市,埼玉県,25.342
11232,久喜市,埼玉県,82.393
11233,北本市,埼玉県,19.812
11234,八潮市,埼玉県,18.013
11235,富士見市,埼玉県,19.761
11237,三郷市,埼玉県,30.042
11238,蓮田市,埼玉県,27.276
11239,坂戸市,埼玉県,41.017
11240,幸手市,埼玉県,33.92
11241,鶴ヶ島市,埼玉県,17.649
11242,日高市,埼玉県,47.47
11243,吉川市,埼玉県,31.657
11245,ふじみ野市,埼玉県,14.636
11246,白岡市,埼玉県,24.918
11301,伊奈町,埼玉県,14.787
11324,三芳町,埼玉県,15.325
11326,毛呂山町,埼玉県,34.067
11327,越生町,埼玉県,40.386
11341,滑川町,埼玉県,29.676
11342,嵐山町,埼玉県,29.911
11343,小川町,埼玉県,60.351
11346,川島町,埼玉県,41.62
11347,吉見町,埼玉県,38.638
11348,鳩山町,埼玉県,25.728
11349,ときがわ町,埼玉県,55.895
11361,横瀬町,埼玉県,49.294
11362,皆野町,埼玉県,63.733
11363,長瀞町,埼玉県,30.427
11365,小鹿野町,埼玉県,171.249
11369,東秩父村,埼玉県,37.053
11381,美里町,埼玉県,33.403
11383,神川町,埼玉県,47.395
11385,上里町,埼玉県,29.178
11408,寄居町,埼玉県,64.244
11442,宮代町,埼玉県,15.946
11464,杉戸町,埼玉県,30.022
11465,松伏町,埼玉県,16.195
12101,千葉市中央区,千葉県,44.707
12102,千葉市花見川区,千葉県,34.185
12103,千葉市稲毛区,千葉県,21.218
12104,千葉市若葉区,千葉県,84.175
12105,千葉市緑区,千葉県,66.241
12106,千葉市美浜区,千葉県,21.192
12202,銚子市,千葉県,84.198
12203,市川市,千葉県,56.915
12204,船橋市,千葉県,85.601
12205,館山市,千葉県,110.025
12206,木更津市,千葉県,138.868
12207,松戸市,千葉県,61.366
12208,野田市,千葉県,103.529
12210,茂原市,千葉県,99.9
12211,成田市,千葉県,213.806
12212,佐倉市,千葉県,103.677
12213,東金市,千葉県,89.104
12215,旭市,千葉県,130.473
12216,習志野市,千葉県,20.968
12217,柏市,千葉県,114.721
12218,勝浦市,千葉県,94.104
12219,市原市,千葉県,368.089
12220,流山市,千葉県,35.316
12221,八千代市,千葉県,51.379
12222,我孫子市,千葉県,43.141
12223,鴨川市,千葉県,191.102
12224,鎌ケ谷市,千葉県,21.081
12225,君津市,千葉県,318.717
12226,富津市,千葉県,205.355
12227,浦安市,千葉県,18.87
12228,四街道市,千葉県,34.518
12229,袖ケ浦市,千葉県,94.902
12230,八街市,千葉県,74.928
12231,印西市,千葉県,123.768
12232,白井市,千葉県,35.474
12233,富里市,千葉県,53.87
12234,南房総市,千葉県,229.51
12235,匝瑳市,千葉県,101.474
12236,香取市,千葉県,262.328
12237,山武市,千葉県,146.751
12238,いすみ市,千葉県,157.478
12239,大網白里市,千葉県,58.075
12322,酒々井町,千葉県,19.005
12329,栄町,千葉県,32.508
12342,神崎町,千葉県,19.895
12347,多古町,千葉県,72.792
12349,東庄町,千葉県,46.251
12403,九十九里町,千葉県,24.438
12409,芝山町,千葉県,43.238
12410,横芝光町,千葉県,67.0
12421,一宮町,千葉県,22.988
12422,睦沢町,千葉県,35.585
12423,長生村,千葉県,28.25
12424,白子町,千葉県,27.5
12426,長柄町,千葉県,47.104
12427,長南町,千葉県,65.497
12441,大多喜町,千葉県,129.847
12443,御宿町,千葉県,24.695
12463,鋸南町,千葉県,45.165
12801,市川市・船橋市境界地先の土地,千葉県,0.1
13101,千代田区,東京都,11.48
13102,中央区,東京都,10.222
13103,港区,東京都,20.529
13104,新宿区,東京都,18.22
13105,文京区,東京都,11.284
13106,台東区,東京都,10.104
13107,墨田区,東京都,13.769
13108,江東区,東京都,43.002
13109,品川区,東京都,22.831
13110,目黒区,東京都,14.672
13111,大田区,東京都,61.846
13112,世田谷区,東京都,58.043
13113,渋谷区,東京都,15.108
13114,中野区,東京都,15.591
13115,杉並区,東京都,34.049
13116,豊島区,東京都,13.009
13117,北区,東京都,20.605
13118,荒川区,東京都,10.154
13119,板橋区,東京都,32.217
13120,練馬区,東京都,48.073
13121,足立区,東京都,53.236
13122,葛飾区,東京都,34.872
13123,江戸川区,東京都,48.843
13201,八王子市,東京都,186.354
13202,立川市,東京都,24.356
13203,武蔵野市,東京都,10.977
13204,三鷹市,東京都,16.421
13205,青梅市,東京都,103.293
13206,府中市,東京都,29.421
13207,昭島市,東京都,17.336
13208,調布市,東京都,21.578
13209,町田市,東京都,71.535
13210,小金井市,東京都,11.293
13211,小平市,東京都,20.511
13212,日野市,東京都,27.541
13213,東村山市,東京都,17.132
13214,国分寺市,東京都,11.454
13215,国立市,東京都,8.147
13218,福生市,東京都,10.161
13219,狛江市,東京都,6.386
13220,東大和市,東京都,13.422
13221,清瀬市,東京都,10.229
13222,東久留米市,東京都,12.879
13223,武蔵村山市,東京都,15.319
13224,多摩市,東京都,21.006
13225,稲城市,東京都,17.967
13227,羽村市,東京都,9.9
13228,あきる野市,東京都,73.46
13229,西東京市,東京都,15.75
13303,瑞穂町,東京都,16.844
13305,日の出町,東京都,28.07
13307,檜原村,東京都,105.397
13308,奥多摩町,東京都,225.515
13361,大島町,東京都,90.748
13362,利島村,東京都,4.124
13363,新島村,東京都,27.534
13364,神津島村,東京都,18.582
13381,三宅村,東京都,55.248
13382,御蔵島村,東京都,20.545
13401,八丈町,東京都,72.221
13402,青ヶ島村,東京都,5.96
13421,小笠原村,東京都,107.05
13801,鳥島,東京都,4.786
13802,ベヨネース列岩,東京都,0.002
13803,須美寿島,東京都,0.023
13804,孀婦岩,東京都,0.004
13805,荒川河口部,東京都,1.123
13807,中央防波堤外側廃棄物処理場（中潮橋南側）,東京都,1.494
13808,所属未定地,東京都,2.06
14101,横浜市鶴見区,神奈川,33.217
14102,横浜市神奈川区,神奈川,23.721
14103,横浜市西区,神奈川,7.027
14104,横浜市中区,神奈川,21.733
14105,横浜市南区,神奈川,12.652
14106,横浜市保土ケ谷区,神奈川,21.928
14107,横浜市磯子区,神奈川,19.042
14108,横浜市金沢区,神奈川,30.95
14109,横浜市港北区,神奈川,31.397
14110,横浜市戸塚区,神奈川,35.788
14111,横浜市港南区,神奈川,19.9
14112,横浜市旭区,神奈川,32.724
14113,横浜市緑区,神奈川,25.505
14114,横浜市瀬谷区,神奈川,17.162
14115,横浜市栄区,神奈川,18.52
14116,横浜市泉区,神奈川,23.575
14117,横浜市青葉区,神奈川,35.214
14118,横浜市都筑区,神奈川,27.868
14131,川崎市川崎区,神奈川,39.48
14132,川崎市幸区,神奈川,10.007
14133,川崎市中原区,神奈川,14.738
14134,川崎市高津区,神奈川,16.355
14135,川崎市多摩区,神奈川,20.499
14136,川崎市宮前区,神奈川,18.604
14137,川崎市麻生区,神奈川,23.25
14151,相模原市緑区,神奈川,253.899
14152,相模原市中央区,神奈川,36.864
14153,相模原市南区,神奈川,38.104
14201,横須賀市,神奈川,100.793
14203,平塚市,神奈川,67.646
14204,鎌倉市,神奈川,39.653
14205,藤沢市,神奈川,69.552
14206,小田原市,神奈川,113.583
14207,茅ヶ崎市,神奈川,35.67
14208,逗子市,神奈川,17.273
14210,三浦市,神奈川,32.043
14211,秦野市,神奈川,103.747
14212,厚木市,神奈川,93.824
14213,大和市,神奈川,27.084
14214,伊勢原市,神奈川,55.55
14215,海老名市,神奈川,26.582
14216,座間市,神奈川,17.564
14217,南足柄市,神奈川,77.118
14218,綾瀬市,神奈川,22.138
14301,葉山町,神奈川,17.039
14321,寒川町,神奈川,13.336
14341,大磯町,神奈川,17.365
14342,二宮町,神奈川,9.074
14361,中井町,神奈川,19.992
14362,大井町,神奈川,14.379
14363,松田町,神奈川,37.745
14364,山北町,神奈川,224.591
14366,開成町,神奈川,6.549
14382,箱根町,神奈川,92.854
14383,真鶴町,神奈川,7.045
14384,湯河原町,神奈川,40.963
14401,愛川町,神奈川,34.272
14402,清川村,神奈川,71.235
22101,静岡市葵区,静岡県,1074.372
22102,静岡市駿河区,静岡県,73.081
22103,静岡市清水区,静岡県,265.161
22131,浜松市中区,静岡県,44.376
22132,浜松市東区,静岡県,46.32
22133,浜松市西区,静岡県,114.798
22134,浜松市南区,静岡県,47.349
22135,浜松市北区,静岡県,295.77
22136,浜松市浜北区,静岡県,66.548
22137,浜松市天竜区,静岡県,944.385
22203,沼津市,静岡県,186.826
22205,熱海市,静岡県,61.77
22206,三島市,静岡県,62.019
22207,富士宮市,静岡県,387.721
22208,伊東市,静岡県,124.013
22209,島田市,静岡県,315.829
22210,富士市,静岡県,244.969
22211,磐田市,静岡県,163.07
22212,焼津市,静岡県,70.323
22213,掛川市,静岡県,265.817
22214,藤枝市,静岡県,194.128
22215,御殿場市,静岡県,194.901
22216,袋井市,静岡県,108.389
22219,下田市,静岡県,104.372
22220,裾野市,静岡県,138.12
22221,湖西市,静岡県,86.638
22222,伊豆市,静岡県,363.959
22223,御前崎市,静岡県,65.593
22224,菊川市,静岡県,94.23
22225,伊豆の国市,静岡県,94.618
22226,牧之原市,静岡県,111.728
22301,東伊豆町,静岡県,77.81
22302,河津町,静岡県,100.69
22304,南伊豆町,静岡県,109.945
22305,松崎町,静岡県,85.11
22306,西伊豆町,静岡県,105.407
22325,函南町,静岡県,65.156
22341,清水町,静岡県,8.808
22342,長泉町,静岡県,26.631
22344,小山町,静岡県,131.801
22424,吉田町,静岡県,20.736
22429,川根本町,静岡県,496.786
22461,森町,静岡県,133.978
